Transaction_ID,Date,Amount,Category,Employee_ID,Emp_Name,Emp_Address,Vendor_ID,Vendor_Name,Vendor_Address,Risk_Score,Risk_Notes,DayOfWeek,Prev_Date,Prev_Amount,Leading_Digit
50674,2023-11-01,2804.4,Meals,1000,Jason Brown,"02907 Jenkins Fort Suite 672, Smithside, FL 57896",2002,Brown LLC,"PSC 8735, Box 0598, APO AP 53357",0,,2,,,2
50274,2023-08-15,3984.09,Supplies,1000,Jason Brown,"02907 Jenkins Fort Suite 672, Smithside, FL 57896",2005,Jackson-Austin,"1520 Eric Flats, North Jessica, MH 26567",0,,1,,,3
50253,2023-10-17,775.41,Meals,1000,Jason Brown,"02907 Jenkins Fort Suite 672, Smithside, FL 57896",2010,Ochoa Ltd,"01264 Oneill Key, Turnerville, MI 76713",0,,1,,,7
50662,2023-02-27,3683.22,Supplies,1000,Jason Brown,"02907 Jenkins Fort Suite 672, Smithside, FL 57896",2011,Hernandez-Gomez,"189 Edwards Road Apt. 221, West Vickie, IL 82481",0,,0,,,3
50508,2023-01-02,1953.32,Travel,1000,Jason Brown,"02907 Jenkins Fort Suite 672, Smithside, FL 57896",2031,Romero PLC,"4272 Ross Groves, Lake Kimberly, WY 78760",0,,0,,,1
50507,2023-06-06,1167.02,Supplies,1000,Jason Brown,"02907 Jenkins Fort Suite 672, Smithside, FL 57896",2032,Gallagher-Solis,"79701 Howard Port, East Marcfort, PW 11913",0,,1,,,1
50843,2023-09-28,3780.18,Meals,1000,Jason Brown,"02907 Jenkins Fort Suite 672, Smithside, FL 57896",2034,Riley Group,"1494 Porter Views, Danielhaven, DC 99204",0,,3,,,3
50386,2023-02-19,3147.19,Travel,1000,Jason Brown,"02907 Jenkins Fort Suite 672, Smithside, FL 57896",2045,Parker Group,"6826 Jennifer Drives, Robinton, AZ 71490",20,Weekend_High_Spend; ,6,,,3
50821,2023-03-26,516.64,Meals,1000,Jason Brown,"02907 Jenkins Fort Suite 672, Smithside, FL 57896",2052,"Levy, Owens and Greer","08044 Keith Loaf, North Robin, TN 23040",20,Weekend_High_Spend; ,6,,,5
50698,2023-04-24,405.79,Supplies,1000,Jason Brown,"02907 Jenkins Fort Suite 672, Smithside, FL 57896",2057,Taylor LLC,"36878 Cardenas Street Apt. 375, Haleburgh, OR 04364",0,,0,,,4
50348,2023-03-29,1233.24,Supplies,1000,Jason Brown,"02907 Jenkins Fort Suite 672, Smithside, FL 57896",2072,Smith-Williams,"0200 Chris Hill Suite 452, Lake Michelleberg, PR 01384",0,,2,,,1
50920,2023-05-02,2899.22,Supplies,1000,Jason Brown,"02907 Jenkins Fort Suite 672, Smithside, FL 57896",2079,"Gonzalez, Howard and Ramirez","49356 Miller Union, New Larry, AL 63821",0,,1,,,2
50799,2023-06-24,3915.77,Services,1000,Jason Brown,"02907 Jenkins Fort Suite 672, Smithside, FL 57896",2081,Wright Ltd,"2363 Michael Mews Suite 085, New Davidview, CT 52565",20,Weekend_High_Spend; ,5,,,3
50355,2023-08-20,1847.36,Meals,1000,Jason Brown,"02907 Jenkins Fort Suite 672, Smithside, FL 57896",2081,Wright Ltd,"2363 Michael Mews Suite 085, New Davidview, CT 52565",20,Weekend_High_Spend; ,6,2023-06-24,3915.77,1
50678,2023-12-25,1482.27,Services,1000,Jason Brown,"02907 Jenkins Fort Suite 672, Smithside, FL 57896",2084,Rasmussen-Hernandez,"94613 Charles Wall, Keithport, NY 43480",0,,0,,,1
50270,2023-05-06,2922.99,Meals,1000,Jason Brown,"02907 Jenkins Fort Suite 672, Smithside, FL 57896",2092,Cox and Sons,"5719 Brown Causeway Suite 900, North Michellestad, NY 17487",20,Weekend_High_Spend; ,5,,,2
50590,2023-12-04,1631.21,Software,1000,Jason Brown,"02907 Jenkins Fort Suite 672, Smithside, FL 57896",2093,Fisher Inc,"006 Austin Road, East Stevenhaven, MA 52384",0,,0,,,1
50407,2023-03-08,337.05,Travel,1000,Jason Brown,"02907 Jenkins Fort Suite 672, Smithside, FL 57896",2095,"Holmes, Harrison and Brooks","18293 Autumn Extension, Garzaton, AZ 05000",0,,2,,,3
50630,2023-10-28,980.09,Travel,1001,Scott Baker,"563 Lee Fort, Rogerville, CA 44492",2000,"King, Jones and Dougherty","42203 Amy Path, West Johnberg, ND 93713",30,Weekend_High_Spend; Benford_9; ,5,,,9
50135,2023-06-09,575.08,Travel,1001,Scott Baker,"563 Lee Fort, Rogerville, CA 44492",2001,Mata Ltd,"85969 Amanda Drives Apt. 749, North Rachel, IL 61624",0,,4,,,5
50870,2023-03-18,1500.32,Travel,1001,Scott Baker,"563 Lee Fort, Rogerville, CA 44492",2004,"Garcia, Robles and Mitchell","256 Jennifer Expressway, Paulburgh, TN 06283",20,Weekend_High_Spend; ,5,,,1
50806,2023-09-24,3288.76,Services,1001,Scott Baker,"563 Lee Fort, Rogerville, CA 44492",2004,"Garcia, Robles and Mitchell","256 Jennifer Expressway, Paulburgh, TN 06283",20,Weekend_High_Spend; ,6,2023-03-18,1500.32,3
50285,2023-07-13,342.77,Travel,1001,Scott Baker,"563 Lee Fort, Rogerville, CA 44492",2008,"Miller, Mack and Watts","63754 Daniel Vista, Gloriamouth, PA 22198",0,,3,,,3
50081,2023-11-12,3917.87,Travel,1001,Scott Baker,"563 Lee Fort, Rogerville, CA 44492",2013,Brown Inc,"2287 Laurie Avenue Suite 359, North Mariafurt, AL 87186",20,Weekend_High_Spend; ,6,,,3
50246,2023-01-24,1011.2,Supplies,1001,Scott Baker,"563 Lee Fort, Rogerville, CA 44492",2018,"Larson, Mitchell and Swanson","135 Contreras Well Suite 303, Port Courtney, MA 23471",0,,1,,,1
50761,2023-01-25,752.83,Software,1001,Scott Baker,"563 Lee Fort, Rogerville, CA 44492",2019,Hughes-Campbell,"74355 Khan View Apt. 395, Maryville, CT 57298",0,,2,,,7
50485,2023-05-21,3780.34,Meals,1001,Scott Baker,"563 Lee Fort, Rogerville, CA 44492",2021,Cole-Tyler,"90000 Bell Haven Suite 394, Lake Ginastad, MT 12092",20,Weekend_High_Spend; ,6,,,3
50789,2023-05-09,3197.99,Supplies,1001,Scott Baker,"563 Lee Fort, Rogerville, CA 44492",2024,Anderson-Hudson,"29590 Boyle Points Apt. 885, North Nancy, MA 36595",0,,1,,,3
50051,2023-09-27,3845.18,Meals,1001,Scott Baker,"563 Lee Fort, Rogerville, CA 44492",2035,Wheeler-Hale,"8737 Page Stream, North Elizabeth, CA 82526",0,,2,,,3
50361,2023-02-10,3576.78,Travel,1001,Scott Baker,"563 Lee Fort, Rogerville, CA 44492",2040,"Pierce, Robinson and Munoz","8198 Goodman Squares, Scotthaven, TN 19541",0,,4,,,3
50288,2023-11-24,838.73,Software,1001,Scott Baker,"563 Lee Fort, Rogerville, CA 44492",2047,Wilson-Martin,"37623 Nicole Ridge Suite 925, South Christian, MO 66629",0,,4,,,8
50978,2023-02-02,2378.48,Services,1001,Scott Baker,"563 Lee Fort, Rogerville, CA 44492",2051,"Thompson, Curry and Oneill","Unit 2316 Box 3994, DPO AE 15152",0,,3,,,2
50022,2023-01-23,1017.21,Supplies,1001,Scott Baker,"563 Lee Fort, Rogerville, CA 44492",2055,Boyd Group,"Unit 9659 Box 0767, DPO AE 92178",0,,0,,,1
50994,2023-05-06,180.89,Services,1001,Scott Baker,"563 Lee Fort, Rogerville, CA 44492",2056,Lopez PLC,"793 Matthew Unions Apt. 581, Simonfort, MH 35152",0,,5,,,1
50186,2023-03-16,1961.36,Travel,1001,Scott Baker,"563 Lee Fort, Rogerville, CA 44492",2057,Taylor LLC,"36878 Cardenas Street Apt. 375, Haleburgh, OR 04364",0,,3,,,1
50098,2023-04-17,1143.18,Supplies,1001,Scott Baker,"563 Lee Fort, Rogerville, CA 44492",2059,Barnes-Miller,"3258 Price Meadows, West Rebeccamouth, AL 94613",0,,0,,,1
50038,2023-01-06,1093.42,Services,1001,Scott Baker,"563 Lee Fort, Rogerville, CA 44492",2072,Smith-Williams,"0200 Chris Hill Suite 452, Lake Michelleberg, PR 01384",0,,4,,,1
50973,2023-02-19,2320.71,Software,1001,Scott Baker,"563 Lee Fort, Rogerville, CA 44492",2083,Buchanan-Knight,"5912 Patrick Valleys Suite 204, Coreymouth, PW 13157",20,Weekend_High_Spend; ,6,,,2
50318,2023-01-20,4178.02,Supplies,1001,Scott Baker,"563 Lee Fort, Rogerville, CA 44492",2086,"Fernandez, Hoffman and Parker","829 Gonzales Meadows Apt. 650, Peterport, HI 58928",0,,4,,,4
50811,2023-10-23,3155.15,Software,1001,Scott Baker,"563 Lee Fort, Rogerville, CA 44492",2087,Jimenez PLC,"1545 Jacobs View Apt. 288, New Jimmyhaven, MD 72708",0,,0,,,3
50907,2023-02-11,4277.6,Supplies,1002,Cory Cooper,"7561 Lester Points Apt. 140, East Katelynland, NC 75965",2004,"Garcia, Robles and Mitchell","256 Jennifer Expressway, Paulburgh, TN 06283",20,Weekend_High_Spend; ,5,,,4
51002,2023-07-02,3800.0,Meals,1002,Cory Cooper,"7561 Lester Points Apt. 140, East Katelynland, NC 75965",2005,Jackson-Austin,"1520 Eric Flats, North Jessica, MH 26567",20,Weekend_High_Spend; ,6,,,3
50157,2023-10-06,288.84,Software,1002,Cory Cooper,"7561 Lester Points Apt. 140, East Katelynland, NC 75965",2007,"Hobbs, Williams and Hunt","300 Anthony Tunnel, New Timothyfurt, ND 14279",0,,4,,,2
50975,2023-02-23,3513.8,Software,1002,Cory Cooper,"7561 Lester Points Apt. 140, East Katelynland, NC 75965",2012,Walker Ltd,"9516 Melanie Dale Suite 907, East Brett, ID 69269",0,,3,,,3
50946,2023-05-16,3886.73,Services,1002,Cory Cooper,"7561 Lester Points Apt. 140, East Katelynland, NC 75965",2014,"Logan, Bradley and Rodriguez","574 Hart Isle Suite 302, Marvinhaven, TN 51787",0,,1,,,3
50420,2023-08-24,1178.97,Software,1002,Cory Cooper,"7561 Lester Points Apt. 140, East Katelynland, NC 75965",2015,Perry and Sons,"945 Thomas Mountains Suite 203, Port James, PR 75150",0,,3,,,1
50998,2023-11-12,2023.84,Meals,1002,Cory Cooper,"7561 Lester Points Apt. 140, East Katelynland, NC 75965",2027,"Hodges, Stevens and Ray","93174 Wells Trace, Lake Charles, MN 40537",20,Weekend_High_Spend; ,6,,,2
50772,2023-04-19,2855.85,Supplies,1002,Cory Cooper,"7561 Lester Points Apt. 140, East Katelynland, NC 75965",2040,"Pierce, Robinson and Munoz","8198 Goodman Squares, Scotthaven, TN 19541",0,,2,,,2
50783,2023-09-12,1834.18,Meals,1002,Cory Cooper,"7561 Lester Points Apt. 140, East Katelynland, NC 75965",2042,"King, Hughes and Willis","8989 Campbell Flats, Timothyshire, DC 87804",0,,1,,,1
50615,2023-07-05,2737.84,Supplies,1002,Cory Cooper,"7561 Lester Points Apt. 140, East Katelynland, NC 75965",2045,Parker Group,"6826 Jennifer Drives, Robinton, AZ 71490",0,,2,,,2
50982,2023-02-01,3351.55,Supplies,1002,Cory Cooper,"7561 Lester Points Apt. 140, East Katelynland, NC 75965",2047,Wilson-Martin,"37623 Nicole Ridge Suite 925, South Christian, MO 66629",0,,2,,,3
50009,2023-11-23,4148.52,Software,1002,Cory Cooper,"7561 Lester Points Apt. 140, East Katelynland, NC 75965",2050,Murillo Group,"983 Maria Track Apt. 147, Mejiatown, TX 99943",0,,3,,,4
50192,2023-11-15,3493.98,Travel,1002,Cory Cooper,"7561 Lester Points Apt. 140, East Katelynland, NC 75965",2051,"Thompson, Curry and Oneill","Unit 2316 Box 3994, DPO AE 15152",0,,2,,,3
50459,2023-08-27,3976.02,Software,1002,Cory Cooper,"7561 Lester Points Apt. 140, East Katelynland, NC 75965",2055,Boyd Group,"Unit 9659 Box 0767, DPO AE 92178",20,Weekend_High_Spend; ,6,,,3
50576,2023-02-06,1274.28,Services,1002,Cory Cooper,"7561 Lester Points Apt. 140, East Katelynland, NC 75965",2063,"Patel, Adams and Hill","415 Matthew Glen Apt. 850, New Tammyton, MI 79051",0,,0,,,1
50686,2023-09-21,3837.42,Meals,1002,Cory Cooper,"7561 Lester Points Apt. 140, East Katelynland, NC 75965",2065,"Simmons, Smith and Russell","8850 Reynolds Islands, North Brian, MS 79044",0,,3,,,3
50409,2023-06-02,821.06,Supplies,1002,Cory Cooper,"7561 Lester Points Apt. 140, East Katelynland, NC 75965",2067,Wilson-Sanders,"97308 Silva Tunnel, Patelland, ND 31594",0,,4,,,8
50790,2023-10-13,4352.39,Travel,1002,Cory Cooper,"7561 Lester Points Apt. 140, East Katelynland, NC 75965",2069,Ho-Mann,"72000 Garcia Mountains Suite 344, Stonetown, MN 34788",0,,4,,,4
50008,2023-09-28,518.8,Supplies,1002,Cory Cooper,"7561 Lester Points Apt. 140, East Katelynland, NC 75965",2075,Bullock-Foster,"07700 Eric Islands Suite 812, Keithland, NH 72796",0,,3,,,5
50047,2023-01-23,1788.88,Supplies,1002,Cory Cooper,"7561 Lester Points Apt. 140, East Katelynland, NC 75965",2076,Cruz-Vasquez,"27673 Glenn Gardens, Paulstad, CO 89213",0,,0,,,1
50488,2023-12-28,4151.1,Services,1002,Cory Cooper,"7561 Lester Points Apt. 140, East Katelynland, NC 75965",2076,Cruz-Vasquez,"27673 Glenn Gardens, Paulstad, CO 89213",0,,3,2023-01-23,1788.88,4
50151,2023-05-02,3343.42,Meals,1002,Cory Cooper,"7561 Lester Points Apt. 140, East Katelynland, NC 75965",2086,"Fernandez, Hoffman and Parker","829 Gonzales Meadows Apt. 650, Peterport, HI 58928",0,,1,,,3
50905,2023-05-06,3350.36,Meals,1002,Cory Cooper,"7561 Lester Points Apt. 140, East Katelynland, NC 75965",2088,"Alvarez, Osborne and Greene","1821 Anderson Haven Apt. 351, Jasonton, AR 97746",20,Weekend_High_Spend; ,5,,,3
50499,2023-01-27,3403.86,Supplies,1002,Cory Cooper,"7561 Lester Points Apt. 140, East Katelynland, NC 75965",2092,Cox and Sons,"5719 Brown Causeway Suite 900, North Michellestad, NY 17487",0,,4,,,3
50796,2023-09-28,2672.28,Travel,1002,Cory Cooper,"7561 Lester Points Apt. 140, East Katelynland, NC 75965",2093,Fisher Inc,"006 Austin Road, East Stevenhaven, MA 52384",0,,3,,,2
50404,2023-09-02,1019.4,Travel,1002,Cory Cooper,"7561 Lester Points Apt. 140, East Katelynland, NC 75965",2096,Cobb Group,"525 Dennis Springs, East Colleenborough, MP 29919",20,Weekend_High_Spend; ,5,,,1
50570,2023-02-26,67.6,Services,1002,Cory Cooper,"7561 Lester Points Apt. 140, East Katelynland, NC 75965",2097,"Stone, Johnson and Rodriguez","69365 Anderson Track, Matthewmouth, KY 54932",0,,6,,,6
50661,2023-04-13,1040.81,Meals,1003,Joshua Peterson,"841 Elizabeth Radial, Fishershire, WY 73934",2002,Brown LLC,"PSC 8735, Box 0598, APO AP 53357",0,,3,,,1
50749,2023-06-14,2182.7,Services,1003,Joshua Peterson,"841 Elizabeth Radial, Fishershire, WY 73934",2016,Harper-Sanders,"2602 Schmidt Land, Port Curtistown, ID 07786",0,,2,,,2
50252,2023-04-21,3782.53,Software,1003,Joshua Peterson,"841 Elizabeth Radial, Fishershire, WY 73934",2019,Hughes-Campbell,"74355 Khan View Apt. 395, Maryville, CT 57298",0,,4,,,3
50875,2023-10-20,2352.32,Supplies,1003,Joshua Peterson,"841 Elizabeth Radial, Fishershire, WY 73934",2019,Hughes-Campbell,"74355 Khan View Apt. 395, Maryville, CT 57298",0,,4,2023-04-21,3782.53,2
50329,2023-01-31,962.55,Software,1003,Joshua Peterson,"841 Elizabeth Radial, Fishershire, WY 73934",2023,Fernandez Group,"55318 John Inlet, New Stephanieview, PW 23645",10,Benford_9; ,1,,,9
50977,2023-02-23,2304.47,Supplies,1003,Joshua Peterson,"841 Elizabeth Radial, Fishershire, WY 73934",2031,Romero PLC,"4272 Ross Groves, Lake Kimberly, WY 78760",0,,3,,,2
50726,2023-12-13,1782.73,Software,1003,Joshua Peterson,"841 Elizabeth Radial, Fishershire, WY 73934",2032,Gallagher-Solis,"79701 Howard Port, East Marcfort, PW 11913",0,,2,,,1
50483,2023-02-06,2044.32,Software,1003,Joshua Peterson,"841 Elizabeth Radial, Fishershire, WY 73934",2037,Sullivan-Carter,"4726 Chad Light, Port Nancymouth, HI 20132",0,,0,,,2
50290,2023-03-07,671.29,Meals,1003,Joshua Peterson,"841 Elizabeth Radial, Fishershire, WY 73934",2038,Campbell-Torres,"306 Lisa Passage Apt. 451, East Molly, VA 76701",0,,1,,,6
50837,2023-06-07,3741.9,Software,1003,Joshua Peterson,"841 Elizabeth Radial, Fishershire, WY 73934",2039,"Williams, Aguilar and Warren","973 Scott Valley, Joelstad, KY 43393",0,,2,,,3
50245,2023-01-09,137.16,Meals,1003,Joshua Peterson,"841 Elizabeth Radial, Fishershire, WY 73934",2042,"King, Hughes and Willis","8989 Campbell Flats, Timothyshire, DC 87804",0,,0,,,1
50939,2023-05-30,2975.2,Travel,1003,Joshua Peterson,"841 Elizabeth Radial, Fishershire, WY 73934",2047,Wilson-Martin,"37623 Nicole Ridge Suite 925, South Christian, MO 66629",0,,1,,,2
50363,2023-02-12,2648.56,Supplies,1003,Joshua Peterson,"841 Elizabeth Radial, Fishershire, WY 73934",2063,"Patel, Adams and Hill","415 Matthew Glen Apt. 850, New Tammyton, MI 79051",20,Weekend_High_Spend; ,6,,,2
50172,2023-07-11,2026.31,Supplies,1003,Joshua Peterson,"841 Elizabeth Radial, Fishershire, WY 73934",2063,"Patel, Adams and Hill","415 Matthew Glen Apt. 850, New Tammyton, MI 79051",0,,1,2023-02-12,2648.56,2
50373,2023-02-24,4126.5,Software,1003,Joshua Peterson,"841 Elizabeth Radial, Fishershire, WY 73934",2067,Wilson-Sanders,"97308 Silva Tunnel, Patelland, ND 31594",0,,4,,,4
50681,2023-08-30,2714.65,Services,1003,Joshua Peterson,"841 Elizabeth Radial, Fishershire, WY 73934",2076,Cruz-Vasquez,"27673 Glenn Gardens, Paulstad, CO 89213",0,,2,,,2
50019,2023-09-26,1006.65,Travel,1003,Joshua Peterson,"841 Elizabeth Radial, Fishershire, WY 73934",2077,"Castaneda, Velasquez and Guerrero","USS Nichols, FPO AE 03449",0,,1,,,1
50150,2023-07-02,3648.03,Meals,1003,Joshua Peterson,"841 Elizabeth Radial, Fishershire, WY 73934",2080,Hahn and Sons,"27155 Charles Valley, Kellyside, CT 31934",20,Weekend_High_Spend; ,6,,,3
50990,2023-04-05,3523.94,Supplies,1003,Joshua Peterson,"841 Elizabeth Radial, Fishershire, WY 73934",2089,"Leach, Jacobs and Pena","84218 Danielle Underpass Apt. 222, New Sandra, OH 92273",0,,2,,,3
50394,2023-10-11,4069.9,Services,1003,Joshua Peterson,"841 Elizabeth Radial, Fishershire, WY 73934",2090,Davis Ltd,"53512 Sanchez Lodge, Thorntonmouth, KY 57110",0,,2,,,4
50965,2023-04-18,2264.88,Software,1003,Joshua Peterson,"841 Elizabeth Radial, Fishershire, WY 73934",2093,Fisher Inc,"006 Austin Road, East Stevenhaven, MA 52384",0,,1,,,2
50906,2023-10-25,3602.27,Meals,1003,Joshua Peterson,"841 Elizabeth Radial, Fishershire, WY 73934",2095,"Holmes, Harrison and Brooks","18293 Autumn Extension, Garzaton, AZ 05000",0,,2,,,3
50429,2023-01-07,1117.14,Software,1003,Joshua Peterson,"841 Elizabeth Radial, Fishershire, WY 73934",2097,"Stone, Johnson and Rodriguez","69365 Anderson Track, Matthewmouth, KY 54932",20,Weekend_High_Spend; ,5,,,1
50183,2023-03-13,2735.54,Supplies,1004,Logan Simon,"3829 Bennett Hills Suite 035, Alexandratown, MP 38729",2003,Lee LLC,"9410 Blair Terrace, New Elizabeth, LA 11296",0,,0,,,2
50934,2023-09-04,3110.66,Services,1004,Logan Simon,"3829 Bennett Hills Suite 035, Alexandratown, MP 38729",2008,"Miller, Mack and Watts","63754 Daniel Vista, Gloriamouth, PA 22198",0,,0,,,3
50366,2023-10-02,2194.41,Meals,1004,Logan Simon,"3829 Bennett Hills Suite 035, Alexandratown, MP 38729",2008,"Miller, Mack and Watts","63754 Daniel Vista, Gloriamouth, PA 22198",0,,0,2023-09-04,3110.66,2
50892,2023-11-10,2990.93,Supplies,1004,Logan Simon,"3829 Bennett Hills Suite 035, Alexandratown, MP 38729",2017,"Brock, Vargas and Price","46731 Michael Mount, Andrewbury, AK 42223",0,,4,,,2
50391,2023-11-19,2770.85,Services,1004,Logan Simon,"3829 Bennett Hills Suite 035, Alexandratown, MP 38729",2018,"Larson, Mitchell and Swanson","135 Contreras Well Suite 303, Port Courtney, MA 23471",20,Weekend_High_Spend; ,6,,,2
50849,2023-03-02,1397.14,Software,1004,Logan Simon,"3829 Bennett Hills Suite 035, Alexandratown, MP 38729",2025,"Carey, Torres and Martinez","181 Mackenzie Parkways, Port Martinton, MS 53531",0,,3,,,1
50770,2023-04-11,3132.24,Services,1004,Logan Simon,"3829 Bennett Hills Suite 035, Alexandratown, MP 38729",2025,"Carey, Torres and Martinez","181 Mackenzie Parkways, Port Martinton, MS 53531",0,,1,2023-03-02,1397.14,3
50932,2023-06-26,3322.75,Services,1004,Logan Simon,"3829 Bennett Hills Suite 035, Alexandratown, MP 38729",2025,"Carey, Torres and Martinez","181 Mackenzie Parkways, Port Martinton, MS 53531",0,,0,2023-04-11,3132.24,3
50217,2023-01-16,3069.29,Services,1004,Logan Simon,"3829 Bennett Hills Suite 035, Alexandratown, MP 38729",2029,Young-Johnson,"641 Johnathan Meadows Suite 624, Amandastad, ID 28435",0,,0,,,3
50427,2023-05-10,1620.36,Meals,1004,Logan Simon,"3829 Bennett Hills Suite 035, Alexandratown, MP 38729",2033,Garza-Sims,"579 Adam Landing, West Christineville, MN 75056",0,,2,,,1
50588,2023-08-07,2295.53,Meals,1004,Logan Simon,"3829 Bennett Hills Suite 035, Alexandratown, MP 38729",2034,Riley Group,"1494 Porter Views, Danielhaven, DC 99204",0,,0,,,2
50340,2023-02-12,2403.54,Travel,1004,Logan Simon,"3829 Bennett Hills Suite 035, Alexandratown, MP 38729",2042,"King, Hughes and Willis","8989 Campbell Flats, Timothyshire, DC 87804",20,Weekend_High_Spend; ,6,,,2
50235,2023-12-18,493.34,Services,1004,Logan Simon,"3829 Bennett Hills Suite 035, Alexandratown, MP 38729",2047,Wilson-Martin,"37623 Nicole Ridge Suite 925, South Christian, MO 66629",0,,0,,,4
50082,2023-06-15,2662.8,Travel,1004,Logan Simon,"3829 Bennett Hills Suite 035, Alexandratown, MP 38729",2053,Meyer-Rodgers,"3889 Andrews Union Suite 550, Donaldsontown, GU 50691",40,,3,,,2
50955,2023-02-21,3679.58,Services,1004,Logan Simon,"3829 Bennett Hills Suite 035, Alexandratown, MP 38729",2065,"Simmons, Smith and Russell","8850 Reynolds Islands, North Brian, MS 79044",0,,1,,,3
50443,2023-02-12,3541.62,Supplies,1004,Logan Simon,"3829 Bennett Hills Suite 035, Alexandratown, MP 38729",2068,"Mills, Beck and Powers","PSC 3696, Box 5586, APO AE 69021",20,Weekend_High_Spend; ,6,,,3
50642,2023-12-26,880.3,Software,1004,Logan Simon,"3829 Bennett Hills Suite 035, Alexandratown, MP 38729",2073,"Wilson, Solis and Russell","1349 Vargas Islands Suite 069, Larryfurt, IA 45177",0,,1,,,8
50954,2023-11-01,2663.65,Meals,1004,Logan Simon,"3829 Bennett Hills Suite 035, Alexandratown, MP 38729",2078,"Burns, Martinez and Fitzpatrick","8591 Martin Mews Suite 824, Darleneview, PW 38688",0,,2,,,2
50314,2023-07-27,4257.24,Services,1004,Logan Simon,"3829 Bennett Hills Suite 035, Alexandratown, MP 38729",2082,"Hutchinson, Bruce and Martin","1694 Edward Squares, New Valerieland, MI 96897",0,,3,,,4
50035,2023-10-06,3234.72,Services,1004,Logan Simon,"3829 Bennett Hills Suite 035, Alexandratown, MP 38729",2093,Fisher Inc,"006 Austin Road, East Stevenhaven, MA 52384",0,,4,,,3
50841,2023-12-03,394.65,Meals,1004,Logan Simon,"3829 Bennett Hills Suite 035, Alexandratown, MP 38729",2094,Rivera PLC,"2364 Montoya Spurs, Josephshire, MS 22913",0,,6,,,3
50710,2023-09-03,2764.22,Services,1004,Logan Simon,"3829 Bennett Hills Suite 035, Alexandratown, MP 38729",2095,"Holmes, Harrison and Brooks","18293 Autumn Extension, Garzaton, AZ 05000",20,Weekend_High_Spend; ,6,,,2
50382,2023-07-23,1800.31,Software,1005,Dean Welch,"33581 Goodwin Islands, Lake Jeffreyshire, RI 15330",2004,"Garcia, Robles and Mitchell","256 Jennifer Expressway, Paulburgh, TN 06283",20,Weekend_High_Spend; ,6,,,1
50760,2023-01-17,1983.86,Services,1005,Dean Welch,"33581 Goodwin Islands, Lake Jeffreyshire, RI 15330",2010,Ochoa Ltd,"01264 Oneill Key, Turnerville, MI 76713",0,,1,,,1
50878,2023-10-06,1069.34,Services,1005,Dean Welch,"33581 Goodwin Islands, Lake Jeffreyshire, RI 15330",2012,Walker Ltd,"9516 Melanie Dale Suite 907, East Brett, ID 69269",0,,4,,,1
50546,2023-04-29,1620.37,Software,1005,Dean Welch,"33581 Goodwin Islands, Lake Jeffreyshire, RI 15330",2030,Gomez PLC,"243 Melissa Street, East Carrie, CT 85247",20,Weekend_High_Spend; ,5,,,1
50867,2023-05-06,3612.2,Services,1005,Dean Welch,"33581 Goodwin Islands, Lake Jeffreyshire, RI 15330",2031,Romero PLC,"4272 Ross Groves, Lake Kimberly, WY 78760",20,Weekend_High_Spend; ,5,,,3
50706,2023-01-18,1777.94,Software,1005,Dean Welch,"33581 Goodwin Islands, Lake Jeffreyshire, RI 15330",2035,Wheeler-Hale,"8737 Page Stream, North Elizabeth, CA 82526",0,,2,,,1
50388,2023-09-02,3914.8,Services,1005,Dean Welch,"33581 Goodwin Islands, Lake Jeffreyshire, RI 15330",2047,Wilson-Martin,"37623 Nicole Ridge Suite 925, South Christian, MO 66629",20,Weekend_High_Spend; ,5,,,3
50422,2023-01-15,700.47,Services,1005,Dean Welch,"33581 Goodwin Islands, Lake Jeffreyshire, RI 15330",2066,Ray-Santiago,"65988 Welch Valleys Apt. 486, Joelberg, FL 88843",20,Weekend_High_Spend; ,6,,,7
50873,2023-11-19,1666.1,Services,1005,Dean Welch,"33581 Goodwin Islands, Lake Jeffreyshire, RI 15330",2067,Wilson-Sanders,"97308 Silva Tunnel, Patelland, ND 31594",20,Weekend_High_Spend; ,6,,,1
50057,2023-08-04,609.72,Meals,1005,Dean Welch,"33581 Goodwin Islands, Lake Jeffreyshire, RI 15330",2072,Smith-Williams,"0200 Chris Hill Suite 452, Lake Michelleberg, PR 01384",0,,4,,,6
50201,2023-04-21,881.46,Services,1005,Dean Welch,"33581 Goodwin Islands, Lake Jeffreyshire, RI 15330",2074,Duncan Ltd,"PSC 4254, Box 1412, APO AP 24976",0,,4,,,8
50099,2023-05-16,3488.6,Software,1005,Dean Welch,"33581 Goodwin Islands, Lake Jeffreyshire, RI 15330",2075,Bullock-Foster,"07700 Eric Islands Suite 812, Keithland, NH 72796",0,,1,,,3
50146,2023-11-29,631.27,Services,1005,Dean Welch,"33581 Goodwin Islands, Lake Jeffreyshire, RI 15330",2075,Bullock-Foster,"07700 Eric Islands Suite 812, Keithland, NH 72796",0,,2,2023-05-16,3488.6,6
50648,2023-10-14,350.62,Services,1005,Dean Welch,"33581 Goodwin Islands, Lake Jeffreyshire, RI 15330",2077,"Castaneda, Velasquez and Guerrero","USS Nichols, FPO AE 03449",0,,5,,,3
50464,2023-06-14,1858.09,Services,1005,Dean Welch,"33581 Goodwin Islands, Lake Jeffreyshire, RI 15330",2082,"Hutchinson, Bruce and Martin","1694 Edward Squares, New Valerieland, MI 96897",0,,2,,,1
50695,2023-11-07,827.0,Software,1005,Dean Welch,"33581 Goodwin Islands, Lake Jeffreyshire, RI 15330",2083,Buchanan-Knight,"5912 Patrick Valleys Suite 204, Coreymouth, PW 13157",0,,1,,,8
50043,2023-05-01,3336.82,Services,1005,Dean Welch,"33581 Goodwin Islands, Lake Jeffreyshire, RI 15330",2085,Burns-Allen,"275 Frances Shoal Apt. 795, Lake Caitlin, FM 60724",0,,0,,,3
50010,2023-05-23,3623.05,Travel,1005,Dean Welch,"33581 Goodwin Islands, Lake Jeffreyshire, RI 15330",2090,Davis Ltd,"53512 Sanchez Lodge, Thorntonmouth, KY 57110",0,,1,,,3
50052,2023-08-16,3079.14,Travel,1005,Dean Welch,"33581 Goodwin Islands, Lake Jeffreyshire, RI 15330",2091,"Krause, Flynn and Foster","USNS Williamson, FPO AE 45018",0,,2,,,3
50231,2023-05-13,2469.7,Travel,1005,Dean Welch,"33581 Goodwin Islands, Lake Jeffreyshire, RI 15330",2095,"Holmes, Harrison and Brooks","18293 Autumn Extension, Garzaton, AZ 05000",20,Weekend_High_Spend; ,5,,,2
50667,2023-11-10,2061.28,Supplies,1006,Christian Miller,"412 Ruiz Plains, Millerburgh, MP 75631",2005,Jackson-Austin,"1520 Eric Flats, North Jessica, MH 26567",0,,4,,,2
50757,2023-06-04,4246.3,Travel,1006,Christian Miller,"412 Ruiz Plains, Millerburgh, MP 75631",2011,Hernandez-Gomez,"189 Edwards Road Apt. 221, West Vickie, IL 82481",20,Weekend_High_Spend; ,6,,,4
50578,2023-02-26,1711.13,Supplies,1006,Christian Miller,"412 Ruiz Plains, Millerburgh, MP 75631",2013,Brown Inc,"2287 Laurie Avenue Suite 359, North Mariafurt, AL 87186",20,Weekend_High_Spend; ,6,,,1
50439,2023-12-09,3628.04,Software,1006,Christian Miller,"412 Ruiz Plains, Millerburgh, MP 75631",2030,Gomez PLC,"243 Melissa Street, East Carrie, CT 85247",20,Weekend_High_Spend; ,5,,,3
50536,2023-11-26,1412.86,Travel,1006,Christian Miller,"412 Ruiz Plains, Millerburgh, MP 75631",2031,Romero PLC,"4272 Ross Groves, Lake Kimberly, WY 78760",20,Weekend_High_Spend; ,6,,,1
50352,2023-11-13,3285.88,Travel,1006,Christian Miller,"412 Ruiz Plains, Millerburgh, MP 75631",2033,Garza-Sims,"579 Adam Landing, West Christineville, MN 75056",0,,0,,,3
50825,2023-10-03,1105.64,Services,1006,Christian Miller,"412 Ruiz Plains, Millerburgh, MP 75631",2034,Riley Group,"1494 Porter Views, Danielhaven, DC 99204",0,,1,,,1
50326,2023-05-26,2965.93,Supplies,1006,Christian Miller,"412 Ruiz Plains, Millerburgh, MP 75631",2036,Mclaughlin Inc,"768 Ross Falls, Lake Michael, OK 46923",0,,4,,,2
50233,2023-07-02,4479.86,Software,1006,Christian Miller,"412 Ruiz Plains, Millerburgh, MP 75631",2036,Mclaughlin Inc,"768 Ross Falls, Lake Michael, OK 46923",20,Weekend_High_Spend; ,6,2023-05-26,2965.93,4
50168,2023-07-01,4214.55,Travel,1006,Christian Miller,"412 Ruiz Plains, Millerburgh, MP 75631",2039,"Williams, Aguilar and Warren","973 Scott Valley, Joelstad, KY 43393",20,Weekend_High_Spend; ,5,,,4
50258,2023-12-16,3085.2,Meals,1006,Christian Miller,"412 Ruiz Plains, Millerburgh, MP 75631",2041,Lane LLC,"07991 Amber Expressway Apt. 800, Collinsstad, DC 89717",20,Weekend_High_Spend; ,5,,,3
50545,2023-04-10,998.4,Travel,1006,Christian Miller,"412 Ruiz Plains, Millerburgh, MP 75631",2047,Wilson-Martin,"37623 Nicole Ridge Suite 925, South Christian, MO 66629",10,Benford_9; ,0,,,9
50312,2023-08-29,1197.49,Meals,1006,Christian Miller,"412 Ruiz Plains, Millerburgh, MP 75631",2053,Meyer-Rodgers,"3889 Andrews Union Suite 550, Donaldsontown, GU 50691",0,,1,,,1
50243,2023-06-02,3582.97,Software,1006,Christian Miller,"412 Ruiz Plains, Millerburgh, MP 75631",2061,Johnson-Reyes,"914 Crystal Fords Suite 683, Dylanhaven, MS 03444",0,,4,,,3
50313,2023-12-12,2888.06,Travel,1006,Christian Miller,"412 Ruiz Plains, Millerburgh, MP 75631",2064,"Little, Myers and Sullivan","906 Matthew Ramp Suite 752, New Carolhaven, GU 76208",0,,1,,,2
50448,2023-05-30,3279.53,Travel,1006,Christian Miller,"412 Ruiz Plains, Millerburgh, MP 75631",2068,"Mills, Beck and Powers","PSC 3696, Box 5586, APO AE 69021",0,,1,,,3
50572,2023-08-11,2920.6,Services,1006,Christian Miller,"412 Ruiz Plains, Millerburgh, MP 75631",2073,"Wilson, Solis and Russell","1349 Vargas Islands Suite 069, Larryfurt, IA 45177",0,,4,,,2
50956,2023-10-28,2451.36,Software,1006,Christian Miller,"412 Ruiz Plains, Millerburgh, MP 75631",2075,Bullock-Foster,"07700 Eric Islands Suite 812, Keithland, NH 72796",20,Weekend_High_Spend; ,5,,,2
50368,2023-12-14,1672.82,Travel,1006,Christian Miller,"412 Ruiz Plains, Millerburgh, MP 75631",2080,Hahn and Sons,"27155 Charles Valley, Kellyside, CT 31934",0,,3,,,1
50371,2023-07-15,927.31,Services,1006,Christian Miller,"412 Ruiz Plains, Millerburgh, MP 75631",2081,Wright Ltd,"2363 Michael Mews Suite 085, New Davidview, CT 52565",30,Weekend_High_Spend; Benford_9; ,5,,,9
50481,2023-07-08,1892.55,Meals,1006,Christian Miller,"412 Ruiz Plains, Millerburgh, MP 75631",2082,"Hutchinson, Bruce and Martin","1694 Edward Squares, New Valerieland, MI 96897",20,Weekend_High_Spend; ,5,,,1
50272,2023-03-26,1438.25,Travel,1006,Christian Miller,"412 Ruiz Plains, Millerburgh, MP 75631",2087,Jimenez PLC,"1545 Jacobs View Apt. 288, New Jimmyhaven, MD 72708",20,Weekend_High_Spend; ,6,,,1
50399,2023-01-18,383.67,Travel,1006,Christian Miller,"412 Ruiz Plains, Millerburgh, MP 75631",2092,Cox and Sons,"5719 Brown Causeway Suite 900, North Michellestad, NY 17487",0,,2,,,3
50072,2023-06-15,1188.73,Software,1006,Christian Miller,"412 Ruiz Plains, Millerburgh, MP 75631",2092,Cox and Sons,"5719 Brown Causeway Suite 900, North Michellestad, NY 17487",0,,3,2023-01-18,383.67,1
50913,2023-06-13,1550.48,Supplies,1007,Meghan Yu,"281 Garcia Passage, West Christopherview, FM 01797",2003,Lee LLC,"9410 Blair Terrace, New Elizabeth, LA 11296",0,,1,,,1
50697,2023-05-18,4367.98,Supplies,1007,Meghan Yu,"281 Garcia Passage, West Christopherview, FM 01797",2007,"Hobbs, Williams and Hunt","300 Anthony Tunnel, New Timothyfurt, ND 14279",0,,3,,,4
50565,2023-01-17,752.82,Meals,1007,Meghan Yu,"281 Garcia Passage, West Christopherview, FM 01797",2010,Ochoa Ltd,"01264 Oneill Key, Turnerville, MI 76713",0,,1,,,7
50976,2023-07-30,609.64,Services,1007,Meghan Yu,"281 Garcia Passage, West Christopherview, FM 01797",2010,Ochoa Ltd,"01264 Oneill Key, Turnerville, MI 76713",20,Weekend_High_Spend; ,6,2023-01-17,752.82,6
50468,2023-04-06,529.08,Meals,1007,Meghan Yu,"281 Garcia Passage, West Christopherview, FM 01797",2011,Hernandez-Gomez,"189 Edwards Road Apt. 221, West Vickie, IL 82481",0,,3,,,5
50304,2023-10-13,3259.85,Supplies,1007,Meghan Yu,"281 Garcia Passage, West Christopherview, FM 01797",2011,Hernandez-Gomez,"189 Edwards Road Apt. 221, West Vickie, IL 82481",0,,4,2023-04-06,529.08,3
50552,2023-02-16,2312.29,Software,1007,Meghan Yu,"281 Garcia Passage, West Christopherview, FM 01797",2017,"Brock, Vargas and Price","46731 Michael Mount, Andrewbury, AK 42223",0,,3,,,2
50205,2023-03-03,496.75,Travel,1007,Meghan Yu,"281 Garcia Passage, West Christopherview, FM 01797",2038,Campbell-Torres,"306 Lisa Passage Apt. 451, East Molly, VA 76701",0,,4,,,4
50191,2023-10-13,1169.24,Supplies,1007,Meghan Yu,"281 Garcia Passage, West Christopherview, FM 01797",2041,Lane LLC,"07991 Amber Expressway Apt. 800, Collinsstad, DC 89717",0,,4,,,1
50213,2023-03-30,891.88,Meals,1007,Meghan Yu,"281 Garcia Passage, West Christopherview, FM 01797",2043,Bowen Group,"167 Rebecca Road, Stevenberg, HI 76987",0,,3,,,8
50931,2023-11-20,2740.84,Travel,1007,Meghan Yu,"281 Garcia Passage, West Christopherview, FM 01797",2044,"Chaney, Flores and Williams","614 Michael Streets, Lake Richardside, CA 49620",0,,0,,,2
50655,2023-01-19,2460.16,Meals,1007,Meghan Yu,"281 Garcia Passage, West Christopherview, FM 01797",2051,"Thompson, Curry and Oneill","Unit 2316 Box 3994, DPO AE 15152",0,,3,,,2
50003,2023-06-03,4057.78,Software,1007,Meghan Yu,"281 Garcia Passage, West Christopherview, FM 01797",2053,Meyer-Rodgers,"3889 Andrews Union Suite 550, Donaldsontown, GU 50691",20,Weekend_High_Spend; ,5,,,4
50987,2023-09-26,3802.13,Services,1007,Meghan Yu,"281 Garcia Passage, West Christopherview, FM 01797",2062,"Burns, Hoffman and Thompson","9174 Martin Alley, Jonathanfurt, NM 53052",0,,1,,,3
50771,2023-12-11,2760.74,Services,1007,Meghan Yu,"281 Garcia Passage, West Christopherview, FM 01797",2065,"Simmons, Smith and Russell","8850 Reynolds Islands, North Brian, MS 79044",0,,0,,,2
50591,2023-07-01,2111.96,Software,1007,Meghan Yu,"281 Garcia Passage, West Christopherview, FM 01797",2085,Burns-Allen,"275 Frances Shoal Apt. 795, Lake Caitlin, FM 60724",20,Weekend_High_Spend; ,5,,,2
50795,2023-07-27,1077.34,Services,1007,Meghan Yu,"281 Garcia Passage, West Christopherview, FM 01797",2088,"Alvarez, Osborne and Greene","1821 Anderson Haven Apt. 351, Jasonton, AR 97746",0,,3,,,1
50767,2023-10-18,286.42,Supplies,1007,Meghan Yu,"281 Garcia Passage, West Christopherview, FM 01797",2092,Cox and Sons,"5719 Brown Causeway Suite 900, North Michellestad, NY 17487",0,,2,,,2
50387,2023-03-01,849.71,Services,1007,Meghan Yu,"281 Garcia Passage, West Christopherview, FM 01797",2094,Rivera PLC,"2364 Montoya Spurs, Josephshire, MS 22913",0,,2,,,8
50730,2023-10-11,3033.08,Software,1007,Meghan Yu,"281 Garcia Passage, West Christopherview, FM 01797",2094,Rivera PLC,"2364 Montoya Spurs, Josephshire, MS 22913",0,,2,2023-03-01,849.71,3
50280,2023-09-01,1065.62,Services,1008,Howard Foster,"56209 Rosales Lane Apt. 564, Port Johnville, MI 84557",2022,Davis Group,"5546 Whitney Crossroad Suite 975, Lake Sandraport, SD 39784",0,,4,,,1
50784,2023-12-07,2421.4,Services,1008,Howard Foster,"56209 Rosales Lane Apt. 564, Port Johnville, MI 84557",2023,Fernandez Group,"55318 John Inlet, New Stephanieview, PW 23645",0,,3,,,2
50308,2023-06-26,4269.18,Services,1008,Howard Foster,"56209 Rosales Lane Apt. 564, Port Johnville, MI 84557",2039,"Williams, Aguilar and Warren","973 Scott Valley, Joelstad, KY 43393",0,,0,,,4
50751,2023-02-20,4385.91,Travel,1008,Howard Foster,"56209 Rosales Lane Apt. 564, Port Johnville, MI 84557",2044,"Chaney, Flores and Williams","614 Michael Streets, Lake Richardside, CA 49620",0,,0,,,4
50372,2023-06-02,2624.04,Supplies,1008,Howard Foster,"56209 Rosales Lane Apt. 564, Port Johnville, MI 84557",2047,Wilson-Martin,"37623 Nicole Ridge Suite 925, South Christian, MO 66629",0,,4,,,2
50101,2023-05-28,3635.1,Supplies,1008,Howard Foster,"56209 Rosales Lane Apt. 564, Port Johnville, MI 84557",2049,Nguyen-Long,"9596 Pamela Courts Apt. 382, Thomashaven, PR 25929",20,Weekend_High_Spend; ,6,,,3
50935,2023-08-22,1631.47,Travel,1008,Howard Foster,"56209 Rosales Lane Apt. 564, Port Johnville, MI 84557",2049,Nguyen-Long,"9596 Pamela Courts Apt. 382, Thomashaven, PR 25929",0,,1,2023-05-28,3635.1,1
50510,2023-09-17,2824.02,Software,1008,Howard Foster,"56209 Rosales Lane Apt. 564, Port Johnville, MI 84557",2056,Lopez PLC,"793 Matthew Unions Apt. 581, Simonfort, MH 35152",20,Weekend_High_Spend; ,6,,,2
50872,2023-04-01,3584.24,Supplies,1008,Howard Foster,"56209 Rosales Lane Apt. 564, Port Johnville, MI 84557",2064,"Little, Myers and Sullivan","906 Matthew Ramp Suite 752, New Carolhaven, GU 76208",20,Weekend_High_Spend; ,5,,,3
50040,2023-06-07,404.66,Meals,1008,Howard Foster,"56209 Rosales Lane Apt. 564, Port Johnville, MI 84557",2065,"Simmons, Smith and Russell","8850 Reynolds Islands, North Brian, MS 79044",0,,2,,,4
50769,2023-11-18,1752.67,Meals,1008,Howard Foster,"56209 Rosales Lane Apt. 564, Port Johnville, MI 84557",2070,"Nelson, Smith and Golden","9814 Robert Groves, East Johnmouth, MI 38711",20,Weekend_High_Spend; ,5,,,1
50722,2023-10-29,1760.19,Software,1008,Howard Foster,"56209 Rosales Lane Apt. 564, Port Johnville, MI 84557",2074,Duncan Ltd,"PSC 4254, Box 1412, APO AP 24976",20,Weekend_High_Spend; ,6,,,1
50736,2023-03-13,2373.92,Supplies,1008,Howard Foster,"56209 Rosales Lane Apt. 564, Port Johnville, MI 84557",2076,Cruz-Vasquez,"27673 Glenn Gardens, Paulstad, CO 89213",0,,0,,,2
50215,2023-05-26,3217.37,Services,1008,Howard Foster,"56209 Rosales Lane Apt. 564, Port Johnville, MI 84557",2086,"Fernandez, Hoffman and Parker","829 Gonzales Meadows Apt. 650, Peterport, HI 58928",0,,4,,,3
50222,2023-05-30,3475.48,Travel,1008,Howard Foster,"56209 Rosales Lane Apt. 564, Port Johnville, MI 84557",2096,Cobb Group,"525 Dennis Springs, East Colleenborough, MP 29919",0,,1,,,3
50598,2023-10-08,2162.32,Services,1009,Tyler Myers,"374 Thomas Extension Suite 711, Nicolebury, HI 93718",2009,Hunt-Wallace,"27454 Jeffery Locks, Jensenport, ND 82355",20,Weekend_High_Spend; ,6,,,2
50822,2023-04-25,174.52,Software,1009,Tyler Myers,"374 Thomas Extension Suite 711, Nicolebury, HI 93718",2014,"Logan, Bradley and Rodriguez","574 Hart Isle Suite 302, Marvinhaven, TN 51787",0,,1,,,1
50720,2023-10-15,3110.4,Software,1009,Tyler Myers,"374 Thomas Extension Suite 711, Nicolebury, HI 93718",2014,"Logan, Bradley and Rodriguez","574 Hart Isle Suite 302, Marvinhaven, TN 51787",20,Weekend_High_Spend; ,6,2023-04-25,174.52,3
50563,2023-10-24,3313.07,Services,1009,Tyler Myers,"374 Thomas Extension Suite 711, Nicolebury, HI 93718",2016,Harper-Sanders,"2602 Schmidt Land, Port Curtistown, ID 07786",0,,1,,,3
50915,2023-05-17,1349.51,Software,1009,Tyler Myers,"374 Thomas Extension Suite 711, Nicolebury, HI 93718",2022,Davis Group,"5546 Whitney Crossroad Suite 975, Lake Sandraport, SD 39784",0,,2,,,1
50732,2023-12-17,2758.81,Supplies,1009,Tyler Myers,"374 Thomas Extension Suite 711, Nicolebury, HI 93718",2022,Davis Group,"5546 Whitney Crossroad Suite 975, Lake Sandraport, SD 39784",20,Weekend_High_Spend; ,6,2023-05-17,1349.51,2
50676,2023-03-22,1998.83,Services,1009,Tyler Myers,"374 Thomas Extension Suite 711, Nicolebury, HI 93718",2033,Garza-Sims,"579 Adam Landing, West Christineville, MN 75056",0,,2,,,1
50108,2023-07-28,4121.42,Meals,1009,Tyler Myers,"374 Thomas Extension Suite 711, Nicolebury, HI 93718",2046,"Coffey, Ross and Johnson","Unit 5717 Box 9802, DPO AP 26669",0,,4,,,4
50641,2023-11-13,644.64,Software,1009,Tyler Myers,"374 Thomas Extension Suite 711, Nicolebury, HI 93718",2054,Brown LLC,"94144 Smith Courts, Houstonberg, NC 14515",0,,0,,,6
50900,2023-12-13,1234.8,Services,1009,Tyler Myers,"374 Thomas Extension Suite 711, Nicolebury, HI 93718",2055,Boyd Group,"Unit 9659 Box 0767, DPO AE 92178",0,,2,,,1
50581,2023-09-24,2730.92,Meals,1009,Tyler Myers,"374 Thomas Extension Suite 711, Nicolebury, HI 93718",2056,Lopez PLC,"793 Matthew Unions Apt. 581, Simonfort, MH 35152",20,Weekend_High_Spend; ,6,,,2
50148,2023-02-20,1004.06,Travel,1009,Tyler Myers,"374 Thomas Extension Suite 711, Nicolebury, HI 93718",2059,Barnes-Miller,"3258 Price Meadows, West Rebeccamouth, AL 94613",0,,0,,,1
50877,2023-12-22,194.83,Travel,1009,Tyler Myers,"374 Thomas Extension Suite 711, Nicolebury, HI 93718",2060,Rogers-Glover,"928 Armstrong Center Apt. 864, Susanton, MO 30175",0,,4,,,1
50901,2023-05-30,2205.37,Travel,1009,Tyler Myers,"374 Thomas Extension Suite 711, Nicolebury, HI 93718",2069,Ho-Mann,"72000 Garcia Mountains Suite 344, Stonetown, MN 34788",0,,1,,,2
50279,2023-11-07,3326.27,Services,1009,Tyler Myers,"374 Thomas Extension Suite 711, Nicolebury, HI 93718",2071,Hancock Group,"Unit 4711 Box 4944, DPO AP 20470",0,,1,,,3
50820,2023-03-01,4191.66,Supplies,1009,Tyler Myers,"374 Thomas Extension Suite 711, Nicolebury, HI 93718",2075,Bullock-Foster,"07700 Eric Islands Suite 812, Keithland, NH 72796",0,,2,,,4
50894,2023-01-12,117.91,Meals,1009,Tyler Myers,"374 Thomas Extension Suite 711, Nicolebury, HI 93718",2090,Davis Ltd,"53512 Sanchez Lodge, Thorntonmouth, KY 57110",0,,3,,,1
50623,2023-07-28,762.36,Meals,1009,Tyler Myers,"374 Thomas Extension Suite 711, Nicolebury, HI 93718",2090,Davis Ltd,"53512 Sanchez Lodge, Thorntonmouth, KY 57110",0,,4,2023-01-12,117.91,7
50586,2023-02-08,3331.63,Travel,1009,Tyler Myers,"374 Thomas Extension Suite 711, Nicolebury, HI 93718",2094,Rivera PLC,"2364 Montoya Spurs, Josephshire, MS 22913",0,,2,,,3
50801,2023-09-24,2716.5,Software,1010,Leslie Salazar,"08626 Andrew Wall Suite 480, Port Jenniferfort, TX 91853",2004,"Garcia, Robles and Mitchell","256 Jennifer Expressway, Paulburgh, TN 06283",20,Weekend_High_Spend; ,6,,,2
50587,2023-01-11,1922.87,Meals,1010,Leslie Salazar,"08626 Andrew Wall Suite 480, Port Jenniferfort, TX 91853",2012,Walker Ltd,"9516 Melanie Dale Suite 907, East Brett, ID 69269",0,,2,,,1
50953,2023-08-13,2602.17,Supplies,1010,Leslie Salazar,"08626 Andrew Wall Suite 480, Port Jenniferfort, TX 91853",2014,"Logan, Bradley and Rodriguez","574 Hart Isle Suite 302, Marvinhaven, TN 51787",20,Weekend_High_Spend; ,6,,,2
50912,2023-03-17,4311.95,Travel,1010,Leslie Salazar,"08626 Andrew Wall Suite 480, Port Jenniferfort, TX 91853",2015,Perry and Sons,"945 Thomas Mountains Suite 203, Port James, PR 75150",0,,4,,,4
50974,2023-04-22,586.34,Meals,1010,Leslie Salazar,"08626 Andrew Wall Suite 480, Port Jenniferfort, TX 91853",2018,"Larson, Mitchell and Swanson","135 Contreras Well Suite 303, Port Courtney, MA 23471",20,Weekend_High_Spend; ,5,,,5
51000,2023-06-15,4500.0,Consulting,1010,Leslie Salazar,"08626 Andrew Wall Suite 480, Port Jenniferfort, TX 91853",2020,"Hicks, Russell and Kelly","160 Daniel Motorway Suite 593, Port Mark, PR 45282",0,,3,,,4
51001,2023-06-15,4500.0,Consulting,1010,Leslie Salazar,"08626 Andrew Wall Suite 480, Port Jenniferfort, TX 91853",2020,"Hicks, Russell and Kelly","160 Daniel Motorway Suite 593, Port Mark, PR 45282",40,Split_Payment; ,3,2023-06-15,4500.0,4
50774,2023-09-20,987.52,Supplies,1010,Leslie Salazar,"08626 Andrew Wall Suite 480, Port Jenniferfort, TX 91853",2024,Anderson-Hudson,"29590 Boyle Points Apt. 885, North Nancy, MA 36595",10,Benford_9; ,2,,,9
50817,2023-12-19,2665.61,Services,1010,Leslie Salazar,"08626 Andrew Wall Suite 480, Port Jenniferfort, TX 91853",2034,Riley Group,"1494 Porter Views, Danielhaven, DC 99204",0,,1,,,2
50645,2023-09-22,1919.57,Travel,1010,Leslie Salazar,"08626 Andrew Wall Suite 480, Port Jenniferfort, TX 91853",2037,Sullivan-Carter,"4726 Chad Light, Port Nancymouth, HI 20132",0,,4,,,1
50266,2023-11-09,1313.38,Supplies,1010,Leslie Salazar,"08626 Andrew Wall Suite 480, Port Jenniferfort, TX 91853",2039,"Williams, Aguilar and Warren","973 Scott Valley, Joelstad, KY 43393",0,,3,,,1
50419,2023-06-23,4051.09,Services,1010,Leslie Salazar,"08626 Andrew Wall Suite 480, Port Jenniferfort, TX 91853",2041,Lane LLC,"07991 Amber Expressway Apt. 800, Collinsstad, DC 89717",0,,4,,,4
50097,2023-08-03,3338.15,Travel,1010,Leslie Salazar,"08626 Andrew Wall Suite 480, Port Jenniferfort, TX 91853",2047,Wilson-Martin,"37623 Nicole Ridge Suite 925, South Christian, MO 66629",0,,3,,,3
50814,2023-11-17,3240.61,Meals,1010,Leslie Salazar,"08626 Andrew Wall Suite 480, Port Jenniferfort, TX 91853",2050,Murillo Group,"983 Maria Track Apt. 147, Mejiatown, TX 99943",0,,4,,,3
50972,2023-09-26,182.48,Supplies,1010,Leslie Salazar,"08626 Andrew Wall Suite 480, Port Jenniferfort, TX 91853",2057,Taylor LLC,"36878 Cardenas Street Apt. 375, Haleburgh, OR 04364",0,,1,,,1
50463,2023-06-17,916.72,Software,1010,Leslie Salazar,"08626 Andrew Wall Suite 480, Port Jenniferfort, TX 91853",2075,Bullock-Foster,"07700 Eric Islands Suite 812, Keithland, NH 72796",30,Weekend_High_Spend; Benford_9; ,5,,,9
50330,2023-10-14,2160.38,Supplies,1010,Leslie Salazar,"08626 Andrew Wall Suite 480, Port Jenniferfort, TX 91853",2076,Cruz-Vasquez,"27673 Glenn Gardens, Paulstad, CO 89213",20,Weekend_High_Spend; ,5,,,2
50979,2023-03-09,2891.96,Supplies,1010,Leslie Salazar,"08626 Andrew Wall Suite 480, Port Jenniferfort, TX 91853",2085,Burns-Allen,"275 Frances Shoal Apt. 795, Lake Caitlin, FM 60724",0,,3,,,2
50924,2023-05-10,514.65,Supplies,1010,Leslie Salazar,"08626 Andrew Wall Suite 480, Port Jenniferfort, TX 91853",2085,Burns-Allen,"275 Frances Shoal Apt. 795, Lake Caitlin, FM 60724",0,,2,2023-03-09,2891.96,5
50555,2023-08-22,3628.96,Services,1010,Leslie Salazar,"08626 Andrew Wall Suite 480, Port Jenniferfort, TX 91853",2090,Davis Ltd,"53512 Sanchez Lodge, Thorntonmouth, KY 57110",0,,1,,,3
50961,2023-02-09,3644.69,Meals,1011,Dylan Lynch,"99709 Ali Court, Port Christopher, AL 59703",2001,Mata Ltd,"85969 Amanda Drives Apt. 749, North Rachel, IL 61624",0,,3,,,3
50718,2023-11-03,1362.07,Travel,1011,Dylan Lynch,"99709 Ali Court, Port Christopher, AL 59703",2006,Barnett-Chavez,"4505 Doyle Glen Apt. 833, Shannonland, PW 39773",0,,4,,,1
50944,2023-05-11,1926.44,Supplies,1011,Dylan Lynch,"99709 Ali Court, Port Christopher, AL 59703",2007,"Hobbs, Williams and Hunt","300 Anthony Tunnel, New Timothyfurt, ND 14279",0,,3,,,1
50506,2023-04-08,3071.4,Supplies,1011,Dylan Lynch,"99709 Ali Court, Port Christopher, AL 59703",2012,Walker Ltd,"9516 Melanie Dale Suite 907, East Brett, ID 69269",20,Weekend_High_Spend; ,5,,,3
50949,2023-08-22,2228.65,Supplies,1011,Dylan Lynch,"99709 Ali Court, Port Christopher, AL 59703",2029,Young-Johnson,"641 Johnathan Meadows Suite 624, Amandastad, ID 28435",0,,1,,,2
50859,2023-10-01,572.95,Services,1011,Dylan Lynch,"99709 Ali Court, Port Christopher, AL 59703",2035,Wheeler-Hale,"8737 Page Stream, North Elizabeth, CA 82526",20,Weekend_High_Spend; ,6,,,5
50832,2023-09-26,2057.12,Meals,1011,Dylan Lynch,"99709 Ali Court, Port Christopher, AL 59703",2037,Sullivan-Carter,"4726 Chad Light, Port Nancymouth, HI 20132",0,,1,,,2
50364,2023-01-16,325.19,Software,1011,Dylan Lynch,"99709 Ali Court, Port Christopher, AL 59703",2039,"Williams, Aguilar and Warren","973 Scott Valley, Joelstad, KY 43393",0,,0,,,3
50970,2023-11-06,305.63,Travel,1011,Dylan Lynch,"99709 Ali Court, Port Christopher, AL 59703",2039,"Williams, Aguilar and Warren","973 Scott Valley, Joelstad, KY 43393",0,,0,2023-01-16,325.19,3
50869,2023-11-19,4121.15,Services,1011,Dylan Lynch,"99709 Ali Court, Port Christopher, AL 59703",2055,Boyd Group,"Unit 9659 Box 0767, DPO AE 92178",20,Weekend_High_Spend; ,6,,,4
50763,2023-11-06,650.88,Software,1011,Dylan Lynch,"99709 Ali Court, Port Christopher, AL 59703",2056,Lopez PLC,"793 Matthew Unions Apt. 581, Simonfort, MH 35152",0,,0,,,6
50602,2023-02-01,3672.47,Software,1011,Dylan Lynch,"99709 Ali Court, Port Christopher, AL 59703",2061,Johnson-Reyes,"914 Crystal Fords Suite 683, Dylanhaven, MS 03444",0,,2,,,3
50449,2023-10-26,1654.4,Software,1011,Dylan Lynch,"99709 Ali Court, Port Christopher, AL 59703",2074,Duncan Ltd,"PSC 4254, Box 1412, APO AP 24976",0,,3,,,1
50085,2023-03-03,2731.62,Supplies,1011,Dylan Lynch,"99709 Ali Court, Port Christopher, AL 59703",2077,"Castaneda, Velasquez and Guerrero","USS Nichols, FPO AE 03449",0,,4,,,2
50608,2023-03-22,2666.67,Travel,1011,Dylan Lynch,"99709 Ali Court, Port Christopher, AL 59703",2077,"Castaneda, Velasquez and Guerrero","USS Nichols, FPO AE 03449",0,,2,2023-03-03,2731.62,2
50029,2023-04-15,3307.22,Services,1011,Dylan Lynch,"99709 Ali Court, Port Christopher, AL 59703",2080,Hahn and Sons,"27155 Charles Valley, Kellyside, CT 31934",20,Weekend_High_Spend; ,5,,,3
50523,2023-10-19,3434.11,Meals,1011,Dylan Lynch,"99709 Ali Court, Port Christopher, AL 59703",2095,"Holmes, Harrison and Brooks","18293 Autumn Extension, Garzaton, AZ 05000",0,,3,,,3
50305,2023-01-13,2402.79,Services,1011,Dylan Lynch,"99709 Ali Court, Port Christopher, AL 59703",2098,Ferrell PLC,"52650 Moore Mountain, East Michael, NJ 27268",0,,4,,,2
50713,2023-06-20,1606.14,Travel,1012,Barbara Guzman,"22489 Darryl Run Suite 548, Lake Mark, NV 22124",2009,Hunt-Wallace,"27454 Jeffery Locks, Jensenport, ND 82355",0,,1,,,1
50030,2023-02-05,3565.08,Meals,1012,Barbara Guzman,"22489 Darryl Run Suite 548, Lake Mark, NV 22124",2013,Brown Inc,"2287 Laurie Avenue Suite 359, North Mariafurt, AL 87186",20,Weekend_High_Spend; ,6,,,3
50963,2023-07-20,3989.23,Supplies,1012,Barbara Guzman,"22489 Darryl Run Suite 548, Lake Mark, NV 22124",2024,Anderson-Hudson,"29590 Boyle Points Apt. 885, North Nancy, MA 36595",0,,3,,,3
50550,2023-03-23,2734.17,Travel,1012,Barbara Guzman,"22489 Darryl Run Suite 548, Lake Mark, NV 22124",2025,"Carey, Torres and Martinez","181 Mackenzie Parkways, Port Martinton, MS 53531",0,,3,,,2
50263,2023-09-21,3902.57,Software,1012,Barbara Guzman,"22489 Darryl Run Suite 548, Lake Mark, NV 22124",2026,"Bernard, Peterson and Kelly","825 Gomez Causeway Suite 951, Brooksfurt, WI 77429",0,,3,,,3
50400,2023-12-26,1608.59,Services,1012,Barbara Guzman,"22489 Darryl Run Suite 548, Lake Mark, NV 22124",2029,Young-Johnson,"641 Johnathan Meadows Suite 624, Amandastad, ID 28435",0,,1,,,1
50909,2023-09-05,3488.75,Services,1012,Barbara Guzman,"22489 Darryl Run Suite 548, Lake Mark, NV 22124",2034,Riley Group,"1494 Porter Views, Danielhaven, DC 99204",0,,1,,,3
50001,2023-07-22,3087.87,Services,1012,Barbara Guzman,"22489 Darryl Run Suite 548, Lake Mark, NV 22124",2036,Mclaughlin Inc,"768 Ross Falls, Lake Michael, OK 46923",20,Weekend_High_Spend; ,5,,,3
50502,2023-03-25,2549.19,Travel,1012,Barbara Guzman,"22489 Darryl Run Suite 548, Lake Mark, NV 22124",2041,Lane LLC,"07991 Amber Expressway Apt. 800, Collinsstad, DC 89717",20,Weekend_High_Spend; ,5,,,2
50861,2023-07-18,1474.96,Travel,1012,Barbara Guzman,"22489 Darryl Run Suite 548, Lake Mark, NV 22124",2042,"King, Hughes and Willis","8989 Campbell Flats, Timothyshire, DC 87804",0,,1,,,1
50362,2023-09-20,2867.9,Supplies,1012,Barbara Guzman,"22489 Darryl Run Suite 548, Lake Mark, NV 22124",2043,Bowen Group,"167 Rebecca Road, Stevenberg, HI 76987",0,,2,,,2
50203,2023-12-20,3599.54,Services,1012,Barbara Guzman,"22489 Darryl Run Suite 548, Lake Mark, NV 22124",2047,Wilson-Martin,"37623 Nicole Ridge Suite 925, South Christian, MO 66629",0,,2,,,3
50284,2023-11-11,2614.37,Software,1012,Barbara Guzman,"22489 Darryl Run Suite 548, Lake Mark, NV 22124",2049,Nguyen-Long,"9596 Pamela Courts Apt. 382, Thomashaven, PR 25929",20,Weekend_High_Spend; ,5,,,2
50321,2023-12-21,3686.36,Services,1012,Barbara Guzman,"22489 Darryl Run Suite 548, Lake Mark, NV 22124",2053,Meyer-Rodgers,"3889 Andrews Union Suite 550, Donaldsontown, GU 50691",0,,3,,,3
50079,2023-12-07,4452.58,Supplies,1012,Barbara Guzman,"22489 Darryl Run Suite 548, Lake Mark, NV 22124",2062,"Burns, Hoffman and Thompson","9174 Martin Alley, Jonathanfurt, NM 53052",0,,3,,,4
50958,2023-11-09,3196.76,Supplies,1012,Barbara Guzman,"22489 Darryl Run Suite 548, Lake Mark, NV 22124",2064,"Little, Myers and Sullivan","906 Matthew Ramp Suite 752, New Carolhaven, GU 76208",0,,3,,,3
50474,2023-09-15,1903.86,Software,1012,Barbara Guzman,"22489 Darryl Run Suite 548, Lake Mark, NV 22124",2079,"Gonzalez, Howard and Ramirez","49356 Miller Union, New Larry, AL 63821",0,,4,,,1
50609,2023-10-17,2775.68,Meals,1012,Barbara Guzman,"22489 Darryl Run Suite 548, Lake Mark, NV 22124",2079,"Gonzalez, Howard and Ramirez","49356 Miller Union, New Larry, AL 63821",0,,1,2023-09-15,1903.86,2
50971,2023-04-03,3443.13,Software,1012,Barbara Guzman,"22489 Darryl Run Suite 548, Lake Mark, NV 22124",2082,"Hutchinson, Bruce and Martin","1694 Edward Squares, New Valerieland, MI 96897",0,,0,,,3
50261,2023-08-30,550.43,Services,1012,Barbara Guzman,"22489 Darryl Run Suite 548, Lake Mark, NV 22124",2083,Buchanan-Knight,"5912 Patrick Valleys Suite 204, Coreymouth, PW 13157",0,,2,,,5
50604,2023-02-14,1028.12,Software,1012,Barbara Guzman,"22489 Darryl Run Suite 548, Lake Mark, NV 22124",2087,Jimenez PLC,"1545 Jacobs View Apt. 288, New Jimmyhaven, MD 72708",0,,1,,,1
50462,2023-12-17,507.29,Meals,1012,Barbara Guzman,"22489 Darryl Run Suite 548, Lake Mark, NV 22124",2088,"Alvarez, Osborne and Greene","1821 Anderson Haven Apt. 351, Jasonton, AR 97746",20,Weekend_High_Spend; ,6,,,5
50442,2023-08-25,2915.24,Supplies,1012,Barbara Guzman,"22489 Darryl Run Suite 548, Lake Mark, NV 22124",2093,Fisher Inc,"006 Austin Road, East Stevenhaven, MA 52384",0,,4,,,2
50639,2023-07-19,3456.81,Supplies,1012,Barbara Guzman,"22489 Darryl Run Suite 548, Lake Mark, NV 22124",2098,Ferrell PLC,"52650 Moore Mountain, East Michael, NJ 27268",0,,2,,,3
50525,2023-07-03,2804.37,Travel,1013,William Brown,"658 Moore Manors, Williamsborough, WA 25563",2011,Hernandez-Gomez,"189 Edwards Road Apt. 221, West Vickie, IL 82481",0,,0,,,2
50658,2023-08-30,3747.95,Travel,1013,William Brown,"658 Moore Manors, Williamsborough, WA 25563",2019,Hughes-Campbell,"74355 Khan View Apt. 395, Maryville, CT 57298",0,,2,,,3
50216,2023-09-27,2971.66,Supplies,1013,William Brown,"658 Moore Manors, Williamsborough, WA 25563",2033,Garza-Sims,"579 Adam Landing, West Christineville, MN 75056",0,,2,,,2
50121,2023-07-26,4177.67,Travel,1013,William Brown,"658 Moore Manors, Williamsborough, WA 25563",2037,Sullivan-Carter,"4726 Chad Light, Port Nancymouth, HI 20132",0,,2,,,4
50167,2023-03-11,800.21,Software,1013,William Brown,"658 Moore Manors, Williamsborough, WA 25563",2049,Nguyen-Long,"9596 Pamela Courts Apt. 382, Thomashaven, PR 25929",20,Weekend_High_Spend; ,5,,,8
50454,2023-03-31,970.57,Travel,1013,William Brown,"658 Moore Manors, Williamsborough, WA 25563",2052,"Levy, Owens and Greer","08044 Keith Loaf, North Robin, TN 23040",10,Benford_9; ,4,,,9
50389,2023-08-06,1399.86,Travel,1013,William Brown,"658 Moore Manors, Williamsborough, WA 25563",2052,"Levy, Owens and Greer","08044 Keith Loaf, North Robin, TN 23040",20,Weekend_High_Spend; ,6,2023-03-31,970.57,1
50033,2023-10-21,4035.12,Supplies,1013,William Brown,"658 Moore Manors, Williamsborough, WA 25563",2060,Rogers-Glover,"928 Armstrong Center Apt. 864, Susanton, MO 30175",20,Weekend_High_Spend; ,5,,,4
50241,2023-05-27,3893.95,Travel,1013,William Brown,"658 Moore Manors, Williamsborough, WA 25563",2061,Johnson-Reyes,"914 Crystal Fords Suite 683, Dylanhaven, MS 03444",20,Weekend_High_Spend; ,5,,,3
50983,2023-09-22,4067.77,Software,1013,William Brown,"658 Moore Manors, Williamsborough, WA 25563",2068,"Mills, Beck and Powers","PSC 3696, Box 5586, APO AE 69021",0,,4,,,4
50835,2023-02-21,1724.87,Software,1013,William Brown,"658 Moore Manors, Williamsborough, WA 25563",2075,Bullock-Foster,"07700 Eric Islands Suite 812, Keithland, NH 72796",0,,1,,,1
50315,2023-09-10,998.25,Services,1013,William Brown,"658 Moore Manors, Williamsborough, WA 25563",2081,Wright Ltd,"2363 Michael Mews Suite 085, New Davidview, CT 52565",30,Weekend_High_Spend; Benford_9; ,6,,,9
50816,2023-05-29,2537.73,Meals,1013,William Brown,"658 Moore Manors, Williamsborough, WA 25563",2082,"Hutchinson, Bruce and Martin","1694 Edward Squares, New Valerieland, MI 96897",0,,0,,,2
50286,2023-01-24,2363.75,Services,1013,William Brown,"658 Moore Manors, Williamsborough, WA 25563",2085,Burns-Allen,"275 Frances Shoal Apt. 795, Lake Caitlin, FM 60724",0,,1,,,2
50056,2023-08-18,1046.81,Software,1013,William Brown,"658 Moore Manors, Williamsborough, WA 25563",2085,Burns-Allen,"275 Frances Shoal Apt. 795, Lake Caitlin, FM 60724",0,,4,2023-01-24,2363.75,1
50947,2023-05-29,1185.35,Services,1013,William Brown,"658 Moore Manors, Williamsborough, WA 25563",2087,Jimenez PLC,"1545 Jacobs View Apt. 288, New Jimmyhaven, MD 72708",0,,0,,,1
50582,2023-09-28,2207.15,Meals,1013,William Brown,"658 Moore Manors, Williamsborough, WA 25563",2091,"Krause, Flynn and Foster","USNS Williamson, FPO AE 45018",0,,3,,,2
50862,2023-04-18,3680.5,Software,1013,William Brown,"658 Moore Manors, Williamsborough, WA 25563",2094,Rivera PLC,"2364 Montoya Spurs, Josephshire, MS 22913",0,,1,,,3
50134,2023-08-23,4005.15,Travel,1013,William Brown,"658 Moore Manors, Williamsborough, WA 25563",2094,Rivera PLC,"2364 Montoya Spurs, Josephshire, MS 22913",0,,2,2023-04-18,3680.5,4
50026,2023-10-23,2790.64,Travel,1014,John Gilbert,"514 Hart Courts Apt. 419, Cherryside, MP 61790",2001,Mata Ltd,"85969 Amanda Drives Apt. 749, North Rachel, IL 61624",0,,0,,,2
50712,2023-09-05,2607.75,Meals,1014,John Gilbert,"514 Hart Courts Apt. 419, Cherryside, MP 61790",2002,Brown LLC,"PSC 8735, Box 0598, APO AP 53357",0,,1,,,2
50529,2023-11-22,377.32,Services,1014,John Gilbert,"514 Hart Courts Apt. 419, Cherryside, MP 61790",2010,Ochoa Ltd,"01264 Oneill Key, Turnerville, MI 76713",0,,2,,,3
50175,2023-08-15,502.78,Travel,1014,John Gilbert,"514 Hart Courts Apt. 419, Cherryside, MP 61790",2011,Hernandez-Gomez,"189 Edwards Road Apt. 221, West Vickie, IL 82481",0,,1,,,5
50426,2023-10-23,3610.23,Software,1014,John Gilbert,"514 Hart Courts Apt. 419, Cherryside, MP 61790",2034,Riley Group,"1494 Porter Views, Danielhaven, DC 99204",0,,0,,,3
50497,2023-04-01,3802.77,Software,1014,John Gilbert,"514 Hart Courts Apt. 419, Cherryside, MP 61790",2043,Bowen Group,"167 Rebecca Road, Stevenberg, HI 76987",20,Weekend_High_Spend; ,5,,,3
50765,2023-03-23,3832.77,Meals,1014,John Gilbert,"514 Hart Courts Apt. 419, Cherryside, MP 61790",2057,Taylor LLC,"36878 Cardenas Street Apt. 375, Haleburgh, OR 04364",0,,3,,,3
50016,2023-09-05,1729.36,Services,1014,John Gilbert,"514 Hart Courts Apt. 419, Cherryside, MP 61790",2065,"Simmons, Smith and Russell","8850 Reynolds Islands, North Brian, MS 79044",0,,1,,,1
50269,2023-02-11,3789.58,Travel,1014,John Gilbert,"514 Hart Courts Apt. 419, Cherryside, MP 61790",2071,Hancock Group,"Unit 4711 Box 4944, DPO AP 20470",20,Weekend_High_Spend; ,5,,,3
50515,2023-08-06,1636.58,Services,1014,John Gilbert,"514 Hart Courts Apt. 419, Cherryside, MP 61790",2072,Smith-Williams,"0200 Chris Hill Suite 452, Lake Michelleberg, PR 01384",20,Weekend_High_Spend; ,6,,,1
50491,2023-10-24,2171.02,Meals,1014,John Gilbert,"514 Hart Courts Apt. 419, Cherryside, MP 61790",2073,"Wilson, Solis and Russell","1349 Vargas Islands Suite 069, Larryfurt, IA 45177",0,,1,,,2
50607,2023-12-02,2644.75,Software,1014,John Gilbert,"514 Hart Courts Apt. 419, Cherryside, MP 61790",2080,Hahn and Sons,"27155 Charles Valley, Kellyside, CT 31934",20,Weekend_High_Spend; ,5,,,2
50083,2023-05-23,1195.74,Services,1014,John Gilbert,"514 Hart Courts Apt. 419, Cherryside, MP 61790",2085,Burns-Allen,"275 Frances Shoal Apt. 795, Lake Caitlin, FM 60724",0,,1,,,1
50091,2023-01-15,1248.06,Meals,1014,John Gilbert,"514 Hart Courts Apt. 419, Cherryside, MP 61790",2086,"Fernandez, Hoffman and Parker","829 Gonzales Meadows Apt. 650, Peterport, HI 58928",20,Weekend_High_Spend; ,6,,,1
50298,2023-01-05,3649.6,Supplies,1014,John Gilbert,"514 Hart Courts Apt. 419, Cherryside, MP 61790",2090,Davis Ltd,"53512 Sanchez Lodge, Thorntonmouth, KY 57110",0,,3,,,3
50996,2023-03-07,1990.77,Travel,1014,John Gilbert,"514 Hart Courts Apt. 419, Cherryside, MP 61790",2092,Cox and Sons,"5719 Brown Causeway Suite 900, North Michellestad, NY 17487",0,,1,,,1
50737,2023-09-06,1714.76,Services,1015,Courtney Parker,"412 Todd Corner, West Jasontown, KY 88347",2003,Lee LLC,"9410 Blair Terrace, New Elizabeth, LA 11296",0,,2,,,1
50787,2023-05-12,564.58,Services,1015,Courtney Parker,"412 Todd Corner, West Jasontown, KY 88347",2009,Hunt-Wallace,"27454 Jeffery Locks, Jensenport, ND 82355",0,,4,,,5
50848,2023-05-14,3483.97,Travel,1015,Courtney Parker,"412 Todd Corner, West Jasontown, KY 88347",2011,Hernandez-Gomez,"189 Edwards Road Apt. 221, West Vickie, IL 82481",20,Weekend_High_Spend; ,6,,,3
50309,2023-06-20,3427.36,Supplies,1015,Courtney Parker,"412 Todd Corner, West Jasontown, KY 88347",2015,Perry and Sons,"945 Thomas Mountains Suite 203, Port James, PR 75150",0,,1,,,3
50530,2023-06-06,4044.12,Software,1015,Courtney Parker,"412 Todd Corner, West Jasontown, KY 88347",2017,"Brock, Vargas and Price","46731 Michael Mount, Andrewbury, AK 42223",0,,1,,,4
50929,2023-09-23,72.25,Software,1015,Courtney Parker,"412 Todd Corner, West Jasontown, KY 88347",2019,Hughes-Campbell,"74355 Khan View Apt. 395, Maryville, CT 57298",0,,5,,,7
50159,2023-03-17,2110.63,Travel,1015,Courtney Parker,"412 Todd Corner, West Jasontown, KY 88347",2026,"Bernard, Peterson and Kelly","825 Gomez Causeway Suite 951, Brooksfurt, WI 77429",0,,4,,,2
50521,2023-02-12,1726.73,Software,1015,Courtney Parker,"412 Todd Corner, West Jasontown, KY 88347",2027,"Hodges, Stevens and Ray","93174 Wells Trace, Lake Charles, MN 40537",20,Weekend_High_Spend; ,6,,,1
50819,2023-12-12,1481.76,Meals,1015,Courtney Parker,"412 Todd Corner, West Jasontown, KY 88347",2034,Riley Group,"1494 Porter Views, Danielhaven, DC 99204",0,,1,,,1
50356,2023-07-05,1408.26,Travel,1015,Courtney Parker,"412 Todd Corner, West Jasontown, KY 88347",2035,Wheeler-Hale,"8737 Page Stream, North Elizabeth, CA 82526",0,,2,,,1
50600,2023-08-15,2610.77,Services,1015,Courtney Parker,"412 Todd Corner, West Jasontown, KY 88347",2043,Bowen Group,"167 Rebecca Road, Stevenberg, HI 76987",0,,1,,,2
50068,2023-01-05,3199.68,Travel,1015,Courtney Parker,"412 Todd Corner, West Jasontown, KY 88347",2059,Barnes-Miller,"3258 Price Meadows, West Rebeccamouth, AL 94613",0,,3,,,3
50071,2023-03-01,3809.52,Services,1015,Courtney Parker,"412 Todd Corner, West Jasontown, KY 88347",2063,"Patel, Adams and Hill","415 Matthew Glen Apt. 850, New Tammyton, MI 79051",0,,2,,,3
50897,2023-09-16,1680.86,Travel,1015,Courtney Parker,"412 Todd Corner, West Jasontown, KY 88347",2064,"Little, Myers and Sullivan","906 Matthew Ramp Suite 752, New Carolhaven, GU 76208",20,Weekend_High_Spend; ,5,,,1
50633,2023-10-16,4331.83,Meals,1015,Courtney Parker,"412 Todd Corner, West Jasontown, KY 88347",2075,Bullock-Foster,"07700 Eric Islands Suite 812, Keithland, NH 72796",0,,0,,,4
50020,2023-05-30,1853.92,Services,1015,Courtney Parker,"412 Todd Corner, West Jasontown, KY 88347",2089,"Leach, Jacobs and Pena","84218 Danielle Underpass Apt. 222, New Sandra, OH 92273",0,,1,,,1
50405,2023-01-26,910.48,Software,1015,Courtney Parker,"412 Todd Corner, West Jasontown, KY 88347",2091,"Krause, Flynn and Foster","USNS Williamson, FPO AE 45018",10,Benford_9; ,3,,,9
50342,2023-09-23,825.13,Travel,1016,Luke Smith,"1412 Jennifer Dale Suite 713, Rodgersville, IL 32699",2002,Brown LLC,"PSC 8735, Box 0598, APO AP 53357",20,Weekend_High_Spend; ,5,,,8
50981,2023-05-11,986.11,Travel,1016,Luke Smith,"1412 Jennifer Dale Suite 713, Rodgersville, IL 32699",2003,Lee LLC,"9410 Blair Terrace, New Elizabeth, LA 11296",10,Benford_9; ,3,,,9
50882,2023-08-24,2504.49,Supplies,1016,Luke Smith,"1412 Jennifer Dale Suite 713, Rodgersville, IL 32699",2008,"Miller, Mack and Watts","63754 Daniel Vista, Gloriamouth, PA 22198",0,,3,,,2
50716,2023-01-29,1555.95,Services,1016,Luke Smith,"1412 Jennifer Dale Suite 713, Rodgersville, IL 32699",2011,Hernandez-Gomez,"189 Edwards Road Apt. 221, West Vickie, IL 82481",20,Weekend_High_Spend; ,6,,,1
50160,2023-02-12,1701.36,Software,1016,Luke Smith,"1412 Jennifer Dale Suite 713, Rodgersville, IL 32699",2012,Walker Ltd,"9516 Melanie Dale Suite 907, East Brett, ID 69269",20,Weekend_High_Spend; ,6,,,1
50297,2023-03-15,2851.37,Services,1016,Luke Smith,"1412 Jennifer Dale Suite 713, Rodgersville, IL 32699",2012,Walker Ltd,"9516 Melanie Dale Suite 907, East Brett, ID 69269",0,,2,2023-02-12,1701.36,2
50450,2023-02-07,3502.82,Services,1016,Luke Smith,"1412 Jennifer Dale Suite 713, Rodgersville, IL 32699",2014,"Logan, Bradley and Rodriguez","574 Hart Isle Suite 302, Marvinhaven, TN 51787",0,,1,,,3
50453,2023-04-29,3709.45,Services,1016,Luke Smith,"1412 Jennifer Dale Suite 713, Rodgersville, IL 32699",2017,"Brock, Vargas and Price","46731 Michael Mount, Andrewbury, AK 42223",20,Weekend_High_Spend; ,5,,,3
50898,2023-07-02,766.89,Meals,1016,Luke Smith,"1412 Jennifer Dale Suite 713, Rodgersville, IL 32699",2021,Cole-Tyler,"90000 Bell Haven Suite 394, Lake Ginastad, MT 12092",20,Weekend_High_Spend; ,6,,,7
50357,2023-06-18,1804.64,Services,1016,Luke Smith,"1412 Jennifer Dale Suite 713, Rodgersville, IL 32699",2023,Fernandez Group,"55318 John Inlet, New Stephanieview, PW 23645",20,Weekend_High_Spend; ,6,,,1
50381,2023-06-04,863.74,Travel,1016,Luke Smith,"1412 Jennifer Dale Suite 713, Rodgersville, IL 32699",2032,Gallagher-Solis,"79701 Howard Port, East Marcfort, PW 11913",20,Weekend_High_Spend; ,6,,,8
50764,2023-12-12,1616.3,Travel,1016,Luke Smith,"1412 Jennifer Dale Suite 713, Rodgersville, IL 32699",2035,Wheeler-Hale,"8737 Page Stream, North Elizabeth, CA 82526",0,,1,,,1
50673,2023-05-29,1279.85,Software,1016,Luke Smith,"1412 Jennifer Dale Suite 713, Rodgersville, IL 32699",2037,Sullivan-Carter,"4726 Chad Light, Port Nancymouth, HI 20132",0,,0,,,1
50307,2023-02-25,686.32,Meals,1016,Luke Smith,"1412 Jennifer Dale Suite 713, Rodgersville, IL 32699",2042,"King, Hughes and Willis","8989 Campbell Flats, Timothyshire, DC 87804",20,Weekend_High_Spend; ,5,,,6
50088,2023-01-22,3337.61,Travel,1016,Luke Smith,"1412 Jennifer Dale Suite 713, Rodgersville, IL 32699",2044,"Chaney, Flores and Williams","614 Michael Streets, Lake Richardside, CA 49620",20,Weekend_High_Spend; ,6,,,3
50300,2023-04-28,2096.22,Travel,1016,Luke Smith,"1412 Jennifer Dale Suite 713, Rodgersville, IL 32699",2044,"Chaney, Flores and Williams","614 Michael Streets, Lake Richardside, CA 49620",0,,4,2023-01-22,3337.61,2
50804,2023-01-06,1862.82,Supplies,1016,Luke Smith,"1412 Jennifer Dale Suite 713, Rodgersville, IL 32699",2045,Parker Group,"6826 Jennifer Drives, Robinton, AZ 71490",0,,4,,,1
50287,2023-03-21,1856.26,Services,1016,Luke Smith,"1412 Jennifer Dale Suite 713, Rodgersville, IL 32699",2046,"Coffey, Ross and Johnson","Unit 5717 Box 9802, DPO AP 26669",0,,1,,,1
50331,2023-06-23,143.23,Services,1016,Luke Smith,"1412 Jennifer Dale Suite 713, Rodgersville, IL 32699",2061,Johnson-Reyes,"914 Crystal Fords Suite 683, Dylanhaven, MS 03444",0,,4,,,1
50577,2023-06-14,2271.45,Services,1016,Luke Smith,"1412 Jennifer Dale Suite 713, Rodgersville, IL 32699",2064,"Little, Myers and Sullivan","906 Matthew Ramp Suite 752, New Carolhaven, GU 76208",0,,2,,,2
50980,2023-05-05,1669.3,Software,1016,Luke Smith,"1412 Jennifer Dale Suite 713, Rodgersville, IL 32699",2066,Ray-Santiago,"65988 Welch Valleys Apt. 486, Joelberg, FL 88843",0,,4,,,1
50328,2023-08-27,1287.66,Travel,1016,Luke Smith,"1412 Jennifer Dale Suite 713, Rodgersville, IL 32699",2067,Wilson-Sanders,"97308 Silva Tunnel, Patelland, ND 31594",20,Weekend_High_Spend; ,6,,,1
50624,2023-11-02,3159.93,Travel,1016,Luke Smith,"1412 Jennifer Dale Suite 713, Rodgersville, IL 32699",2073,"Wilson, Solis and Russell","1349 Vargas Islands Suite 069, Larryfurt, IA 45177",0,,3,,,3
50885,2023-04-30,760.09,Meals,1016,Luke Smith,"1412 Jennifer Dale Suite 713, Rodgersville, IL 32699",2076,Cruz-Vasquez,"27673 Glenn Gardens, Paulstad, CO 89213",20,Weekend_High_Spend; ,6,,,7
50627,2023-08-07,1436.28,Services,1016,Luke Smith,"1412 Jennifer Dale Suite 713, Rodgersville, IL 32699",2076,Cruz-Vasquez,"27673 Glenn Gardens, Paulstad, CO 89213",0,,0,2023-04-30,760.09,1
50967,2023-06-25,439.02,Services,1016,Luke Smith,"1412 Jennifer Dale Suite 713, Rodgersville, IL 32699",2077,"Castaneda, Velasquez and Guerrero","USS Nichols, FPO AE 03449",0,,6,,,4
50741,2023-09-29,975.53,Meals,1016,Luke Smith,"1412 Jennifer Dale Suite 713, Rodgersville, IL 32699",2079,"Gonzalez, Howard and Ramirez","49356 Miller Union, New Larry, AL 63821",10,Benford_9; ,4,,,9
50005,2023-01-23,325.36,Services,1016,Luke Smith,"1412 Jennifer Dale Suite 713, Rodgersville, IL 32699",2083,Buchanan-Knight,"5912 Patrick Valleys Suite 204, Coreymouth, PW 13157",0,,0,,,3
50230,2023-05-04,3665.8,Meals,1016,Luke Smith,"1412 Jennifer Dale Suite 713, Rodgersville, IL 32699",2091,"Krause, Flynn and Foster","USNS Williamson, FPO AE 45018",0,,3,,,3
50968,2023-05-20,4244.93,Services,1016,Luke Smith,"1412 Jennifer Dale Suite 713, Rodgersville, IL 32699",2092,Cox and Sons,"5719 Brown Causeway Suite 900, North Michellestad, NY 17487",20,Weekend_High_Spend; ,5,,,4
50781,2023-12-01,1604.19,Travel,1016,Luke Smith,"1412 Jennifer Dale Suite 713, Rodgersville, IL 32699",2095,"Holmes, Harrison and Brooks","18293 Autumn Extension, Garzaton, AZ 05000",0,,4,,,1
50516,2023-06-11,3806.86,Software,1016,Luke Smith,"1412 Jennifer Dale Suite 713, Rodgersville, IL 32699",2096,Cobb Group,"525 Dennis Springs, East Colleenborough, MP 29919",20,Weekend_High_Spend; ,6,,,3
50888,2023-03-30,1520.3,Services,1017,Derek Mack,"1229 Davies Curve Apt. 417, South Richardberg, ND 61336",2000,"King, Jones and Dougherty","42203 Amy Path, West Johnberg, ND 93713",0,,3,,,1
50395,2023-06-11,3131.16,Supplies,1017,Derek Mack,"1229 Davies Curve Apt. 417, South Richardberg, ND 61336",2013,Brown Inc,"2287 Laurie Avenue Suite 359, North Mariafurt, AL 87186",20,Weekend_High_Spend; ,6,,,3
50509,2023-10-07,397.49,Travel,1017,Derek Mack,"1229 Davies Curve Apt. 417, South Richardberg, ND 61336",2020,"Hicks, Russell and Kelly","160 Daniel Motorway Suite 593, Port Mark, PR 45282",0,,5,,,3
50080,2023-04-10,361.51,Software,1017,Derek Mack,"1229 Davies Curve Apt. 417, South Richardberg, ND 61336",2035,Wheeler-Hale,"8737 Page Stream, North Elizabeth, CA 82526",0,,0,,,3
50207,2023-07-11,2337.9,Software,1017,Derek Mack,"1229 Davies Curve Apt. 417, South Richardberg, ND 61336",2038,Campbell-Torres,"306 Lisa Passage Apt. 451, East Molly, VA 76701",0,,1,,,2
50785,2023-08-02,1276.04,Travel,1017,Derek Mack,"1229 Davies Curve Apt. 417, South Richardberg, ND 61336",2042,"King, Hughes and Willis","8989 Campbell Flats, Timothyshire, DC 87804",0,,2,,,1
50129,2023-03-26,4313.39,Meals,1017,Derek Mack,"1229 Davies Curve Apt. 417, South Richardberg, ND 61336",2043,Bowen Group,"167 Rebecca Road, Stevenberg, HI 76987",20,Weekend_High_Spend; ,6,,,4
50734,2023-06-11,2491.6,Meals,1017,Derek Mack,"1229 Davies Curve Apt. 417, South Richardberg, ND 61336",2045,Parker Group,"6826 Jennifer Drives, Robinton, AZ 71490",20,Weekend_High_Spend; ,6,,,2
50671,2023-06-13,995.48,Supplies,1017,Derek Mack,"1229 Davies Curve Apt. 417, South Richardberg, ND 61336",2046,"Coffey, Ross and Johnson","Unit 5717 Box 9802, DPO AP 26669",10,Benford_9; ,1,,,9
50036,2023-02-20,3297.33,Software,1017,Derek Mack,"1229 Davies Curve Apt. 417, South Richardberg, ND 61336",2047,Wilson-Martin,"37623 Nicole Ridge Suite 925, South Christian, MO 66629",0,,0,,,3
50908,2023-09-20,1439.3,Travel,1017,Derek Mack,"1229 Davies Curve Apt. 417, South Richardberg, ND 61336",2063,"Patel, Adams and Hill","415 Matthew Glen Apt. 850, New Tammyton, MI 79051",0,,2,,,1
50339,2023-10-04,3009.94,Services,1017,Derek Mack,"1229 Davies Curve Apt. 417, South Richardberg, ND 61336",2067,Wilson-Sanders,"97308 Silva Tunnel, Patelland, ND 31594",0,,2,,,3
50863,2023-07-26,2686.3,Services,1017,Derek Mack,"1229 Davies Curve Apt. 417, South Richardberg, ND 61336",2069,Ho-Mann,"72000 Garcia Mountains Suite 344, Stonetown, MN 34788",0,,2,,,2
50260,2023-11-06,141.07,Meals,1017,Derek Mack,"1229 Davies Curve Apt. 417, South Richardberg, ND 61336",2075,Bullock-Foster,"07700 Eric Islands Suite 812, Keithland, NH 72796",0,,0,,,1
50234,2023-06-03,1934.54,Travel,1017,Derek Mack,"1229 Davies Curve Apt. 417, South Richardberg, ND 61336",2083,Buchanan-Knight,"5912 Patrick Valleys Suite 204, Coreymouth, PW 13157",20,Weekend_High_Spend; ,5,,,1
50002,2023-12-03,3176.56,Travel,1017,Derek Mack,"1229 Davies Curve Apt. 417, South Richardberg, ND 61336",2086,"Fernandez, Hoffman and Parker","829 Gonzales Meadows Apt. 650, Peterport, HI 58928",20,Weekend_High_Spend; ,6,,,3
50180,2023-12-30,2295.14,Meals,1018,Nathan Griffin,"1977 Lee Via, South Felicia, FL 04051",2000,"King, Jones and Dougherty","42203 Amy Path, West Johnberg, ND 93713",20,Weekend_High_Spend; ,5,,,2
50893,2023-02-04,2433.88,Supplies,1018,Nathan Griffin,"1977 Lee Via, South Felicia, FL 04051",2002,Brown LLC,"PSC 8735, Box 0598, APO AP 53357",20,Weekend_High_Spend; ,5,,,2
50367,2023-10-06,517.81,Supplies,1018,Nathan Griffin,"1977 Lee Via, South Felicia, FL 04051",2006,Barnett-Chavez,"4505 Doyle Glen Apt. 833, Shannonland, PW 39773",0,,4,,,5
50960,2023-09-03,2007.14,Meals,1018,Nathan Griffin,"1977 Lee Via, South Felicia, FL 04051",2010,Ochoa Ltd,"01264 Oneill Key, Turnerville, MI 76713",20,Weekend_High_Spend; ,6,,,2
50829,2023-10-04,3244.35,Travel,1018,Nathan Griffin,"1977 Lee Via, South Felicia, FL 04051",2010,Ochoa Ltd,"01264 Oneill Key, Turnerville, MI 76713",0,,2,2023-09-03,2007.14,3
50327,2023-01-19,4061.89,Supplies,1018,Nathan Griffin,"1977 Lee Via, South Felicia, FL 04051",2013,Brown Inc,"2287 Laurie Avenue Suite 359, North Mariafurt, AL 87186",0,,3,,,4
50316,2023-04-02,706.15,Supplies,1018,Nathan Griffin,"1977 Lee Via, South Felicia, FL 04051",2014,"Logan, Bradley and Rodriguez","574 Hart Isle Suite 302, Marvinhaven, TN 51787",20,Weekend_High_Spend; ,6,,,7
50652,2023-07-30,2507.32,Meals,1018,Nathan Griffin,"1977 Lee Via, South Felicia, FL 04051",2015,Perry and Sons,"945 Thomas Mountains Suite 203, Port James, PR 75150",20,Weekend_High_Spend; ,6,,,2
50747,2023-04-10,3692.98,Travel,1018,Nathan Griffin,"1977 Lee Via, South Felicia, FL 04051",2016,Harper-Sanders,"2602 Schmidt Land, Port Curtistown, ID 07786",0,,0,,,3
50543,2023-07-04,1967.66,Services,1018,Nathan Griffin,"1977 Lee Via, South Felicia, FL 04051",2033,Garza-Sims,"579 Adam Landing, West Christineville, MN 75056",0,,1,,,1
50584,2023-03-29,392.75,Meals,1018,Nathan Griffin,"1977 Lee Via, South Felicia, FL 04051",2037,Sullivan-Carter,"4726 Chad Light, Port Nancymouth, HI 20132",0,,2,,,3
50887,2023-12-28,3729.9,Supplies,1018,Nathan Griffin,"1977 Lee Via, South Felicia, FL 04051",2037,Sullivan-Carter,"4726 Chad Light, Port Nancymouth, HI 20132",0,,3,2023-03-29,392.75,3
50632,2023-11-11,4399.18,Software,1018,Nathan Griffin,"1977 Lee Via, South Felicia, FL 04051",2044,"Chaney, Flores and Williams","614 Michael Streets, Lake Richardside, CA 49620",20,Weekend_High_Spend; ,5,,,4
50480,2023-01-13,2987.3,Travel,1018,Nathan Griffin,"1977 Lee Via, South Felicia, FL 04051",2046,"Coffey, Ross and Johnson","Unit 5717 Box 9802, DPO AP 26669",0,,4,,,2
50209,2023-08-23,1427.8,Meals,1018,Nathan Griffin,"1977 Lee Via, South Felicia, FL 04051",2046,"Coffey, Ross and Johnson","Unit 5717 Box 9802, DPO AP 26669",0,,2,2023-01-13,2987.3,1
50087,2023-04-24,526.1,Meals,1018,Nathan Griffin,"1977 Lee Via, South Felicia, FL 04051",2069,Ho-Mann,"72000 Garcia Mountains Suite 344, Stonetown, MN 34788",0,,0,,,5
50484,2023-06-28,1862.59,Services,1018,Nathan Griffin,"1977 Lee Via, South Felicia, FL 04051",2071,Hancock Group,"Unit 4711 Box 4944, DPO AP 20470",0,,2,,,1
50475,2023-01-25,3382.17,Travel,1018,Nathan Griffin,"1977 Lee Via, South Felicia, FL 04051",2095,"Holmes, Harrison and Brooks","18293 Autumn Extension, Garzaton, AZ 05000",0,,2,,,3
50856,2023-07-29,2865.66,Services,1019,Sheila Howard,"834 Cook Dale, Jorgeside, NH 33878",2001,Mata Ltd,"85969 Amanda Drives Apt. 749, North Rachel, IL 61624",20,Weekend_High_Spend; ,5,,,2
50879,2023-06-25,4472.42,Software,1019,Sheila Howard,"834 Cook Dale, Jorgeside, NH 33878",2002,Brown LLC,"PSC 8735, Box 0598, APO AP 53357",20,Weekend_High_Spend; ,6,,,4
50025,2023-01-03,3111.09,Supplies,1019,Sheila Howard,"834 Cook Dale, Jorgeside, NH 33878",2006,Barnett-Chavez,"4505 Doyle Glen Apt. 833, Shannonland, PW 39773",0,,1,,,3
50702,2023-03-24,3743.83,Services,1019,Sheila Howard,"834 Cook Dale, Jorgeside, NH 33878",2017,"Brock, Vargas and Price","46731 Michael Mount, Andrewbury, AK 42223",0,,4,,,3
50299,2023-12-29,3304.58,Travel,1019,Sheila Howard,"834 Cook Dale, Jorgeside, NH 33878",2018,"Larson, Mitchell and Swanson","135 Contreras Well Suite 303, Port Courtney, MA 23471",0,,4,,,3
50692,2023-11-24,499.22,Services,1019,Sheila Howard,"834 Cook Dale, Jorgeside, NH 33878",2022,Davis Group,"5546 Whitney Crossroad Suite 975, Lake Sandraport, SD 39784",0,,4,,,4
50416,2023-06-03,3357.81,Software,1019,Sheila Howard,"834 Cook Dale, Jorgeside, NH 33878",2023,Fernandez Group,"55318 John Inlet, New Stephanieview, PW 23645",20,Weekend_High_Spend; ,5,,,3
50445,2023-01-11,2206.15,Software,1019,Sheila Howard,"834 Cook Dale, Jorgeside, NH 33878",2024,Anderson-Hudson,"29590 Boyle Points Apt. 885, North Nancy, MA 36595",0,,2,,,2
50914,2023-02-08,1411.17,Software,1019,Sheila Howard,"834 Cook Dale, Jorgeside, NH 33878",2024,Anderson-Hudson,"29590 Boyle Points Apt. 885, North Nancy, MA 36595",0,,2,2023-01-11,2206.15,1
50158,2023-02-28,1076.09,Meals,1019,Sheila Howard,"834 Cook Dale, Jorgeside, NH 33878",2026,"Bernard, Peterson and Kelly","825 Gomez Causeway Suite 951, Brooksfurt, WI 77429",0,,1,,,1
50855,2023-02-09,671.98,Software,1019,Sheila Howard,"834 Cook Dale, Jorgeside, NH 33878",2031,Romero PLC,"4272 Ross Groves, Lake Kimberly, WY 78760",0,,3,,,6
50700,2023-02-27,3727.56,Travel,1019,Sheila Howard,"834 Cook Dale, Jorgeside, NH 33878",2031,Romero PLC,"4272 Ross Groves, Lake Kimberly, WY 78760",0,,0,2023-02-09,671.98,3
50571,2023-09-18,243.61,Software,1019,Sheila Howard,"834 Cook Dale, Jorgeside, NH 33878",2033,Garza-Sims,"579 Adam Landing, West Christineville, MN 75056",0,,0,,,2
50408,2023-10-08,1326.49,Services,1019,Sheila Howard,"834 Cook Dale, Jorgeside, NH 33878",2033,Garza-Sims,"579 Adam Landing, West Christineville, MN 75056",20,Weekend_High_Spend; ,6,2023-09-18,243.61,1
50380,2023-08-18,3513.1,Services,1019,Sheila Howard,"834 Cook Dale, Jorgeside, NH 33878",2037,Sullivan-Carter,"4726 Chad Light, Port Nancymouth, HI 20132",0,,4,,,3
50752,2023-05-20,4203.85,Meals,1019,Sheila Howard,"834 Cook Dale, Jorgeside, NH 33878",2040,"Pierce, Robinson and Munoz","8198 Goodman Squares, Scotthaven, TN 19541",20,Weekend_High_Spend; ,5,,,4
50815,2023-11-20,3285.48,Travel,1019,Sheila Howard,"834 Cook Dale, Jorgeside, NH 33878",2044,"Chaney, Flores and Williams","614 Michael Streets, Lake Richardside, CA 49620",0,,0,,,3
50644,2023-08-23,1761.71,Supplies,1019,Sheila Howard,"834 Cook Dale, Jorgeside, NH 33878",2048,Roman Ltd,"4488 Crawford Throughway Suite 527, West Duane, AL 78606",0,,2,,,1
50808,2023-08-10,1441.07,Supplies,1019,Sheila Howard,"834 Cook Dale, Jorgeside, NH 33878",2056,Lopez PLC,"793 Matthew Unions Apt. 581, Simonfort, MH 35152",0,,3,,,1
50346,2023-07-18,533.67,Travel,1019,Sheila Howard,"834 Cook Dale, Jorgeside, NH 33878",2067,Wilson-Sanders,"97308 Silva Tunnel, Patelland, ND 31594",0,,1,,,5
50540,2023-09-30,1236.48,Meals,1019,Sheila Howard,"834 Cook Dale, Jorgeside, NH 33878",2068,"Mills, Beck and Powers","PSC 3696, Box 5586, APO AE 69021",20,Weekend_High_Spend; ,5,,,1
50017,2023-06-18,2966.66,Travel,1019,Sheila Howard,"834 Cook Dale, Jorgeside, NH 33878",2072,Smith-Williams,"0200 Chris Hill Suite 452, Lake Michelleberg, PR 01384",20,Weekend_High_Spend; ,6,,,2
50451,2023-05-17,3020.67,Meals,1019,Sheila Howard,"834 Cook Dale, Jorgeside, NH 33878",2087,Jimenez PLC,"1545 Jacobs View Apt. 288, New Jimmyhaven, MD 72708",0,,2,,,3
50487,2023-11-08,2057.18,Travel,1019,Sheila Howard,"834 Cook Dale, Jorgeside, NH 33878",2093,Fisher Inc,"006 Austin Road, East Stevenhaven, MA 52384",0,,2,,,2
50461,2023-11-21,1470.7,Software,1019,Sheila Howard,"834 Cook Dale, Jorgeside, NH 33878",2094,Rivera PLC,"2364 Montoya Spurs, Josephshire, MS 22913",0,,1,,,1
50219,2023-08-17,1724.49,Travel,1019,Sheila Howard,"834 Cook Dale, Jorgeside, NH 33878",2095,"Holmes, Harrison and Brooks","18293 Autumn Extension, Garzaton, AZ 05000",0,,3,,,1
50319,2023-10-12,694.15,Meals,1019,Sheila Howard,"834 Cook Dale, Jorgeside, NH 33878",2098,Ferrell PLC,"52650 Moore Mountain, East Michael, NJ 27268",0,,3,,,6
50768,2023-07-09,538.64,Travel,1019,Sheila Howard,"834 Cook Dale, Jorgeside, NH 33878",2099,"Cardenas, Martin and Richard","64483 Cook Spurs Suite 549, Karenmouth, VA 26266",60,Weekend_High_Spend; ,6,,,5
50768,2023-07-09,538.64,Travel,1019,Sheila Howard,"834 Cook Dale, Jorgeside, NH 33878",2099,Shell Corp Services,"33581 Goodwin Islands, Lake Jeffreyshire, RI 15330",60,Weekend_High_Spend; Split_Payment; ,6,2023-07-09,538.64,5
50282,2023-06-23,3824.94,Travel,1020,Candace Lee PhD,"06810 Brett Lodge Apt. 181, Kevinview, WI 50667",2001,Mata Ltd,"85969 Amanda Drives Apt. 749, North Rachel, IL 61624",0,,4,,,3
50748,2023-09-19,1252.14,Travel,1020,Candace Lee PhD,"06810 Brett Lodge Apt. 181, Kevinview, WI 50667",2008,"Miller, Mack and Watts","63754 Daniel Vista, Gloriamouth, PA 22198",0,,1,,,1
50320,2023-07-16,1053.82,Supplies,1020,Candace Lee PhD,"06810 Brett Lodge Apt. 181, Kevinview, WI 50667",2011,Hernandez-Gomez,"189 Edwards Road Apt. 221, West Vickie, IL 82481",20,Weekend_High_Spend; ,6,,,1
50058,2023-05-03,138.93,Services,1020,Candace Lee PhD,"06810 Brett Lodge Apt. 181, Kevinview, WI 50667",2015,Perry and Sons,"945 Thomas Mountains Suite 203, Port James, PR 75150",0,,2,,,1
50402,2023-07-23,750.66,Software,1020,Candace Lee PhD,"06810 Brett Lodge Apt. 181, Kevinview, WI 50667",2015,Perry and Sons,"945 Thomas Mountains Suite 203, Port James, PR 75150",20,Weekend_High_Spend; ,6,2023-05-03,138.93,7
50775,2023-06-23,3488.16,Meals,1020,Candace Lee PhD,"06810 Brett Lodge Apt. 181, Kevinview, WI 50667",2017,"Brock, Vargas and Price","46731 Michael Mount, Andrewbury, AK 42223",0,,4,,,3
50477,2023-01-20,3614.92,Meals,1020,Candace Lee PhD,"06810 Brett Lodge Apt. 181, Kevinview, WI 50667",2022,Davis Group,"5546 Whitney Crossroad Suite 975, Lake Sandraport, SD 39784",0,,4,,,3
50479,2023-04-25,2729.14,Software,1020,Candace Lee PhD,"06810 Brett Lodge Apt. 181, Kevinview, WI 50667",2025,"Carey, Torres and Martinez","181 Mackenzie Parkways, Port Martinton, MS 53531",0,,1,,,2
50132,2023-01-17,3546.86,Software,1020,Candace Lee PhD,"06810 Brett Lodge Apt. 181, Kevinview, WI 50667",2041,Lane LLC,"07991 Amber Expressway Apt. 800, Collinsstad, DC 89717",0,,1,,,3
50165,2023-04-11,1657.76,Services,1020,Candace Lee PhD,"06810 Brett Lodge Apt. 181, Kevinview, WI 50667",2043,Bowen Group,"167 Rebecca Road, Stevenberg, HI 76987",0,,1,,,1
50828,2023-08-08,3027.16,Services,1020,Candace Lee PhD,"06810 Brett Lodge Apt. 181, Kevinview, WI 50667",2053,Meyer-Rodgers,"3889 Andrews Union Suite 550, Donaldsontown, GU 50691",0,,1,,,3
50143,2023-09-15,720.83,Supplies,1020,Candace Lee PhD,"06810 Brett Lodge Apt. 181, Kevinview, WI 50667",2054,Brown LLC,"94144 Smith Courts, Houstonberg, NC 14515",0,,4,,,7
50440,2023-07-19,2615.24,Travel,1020,Candace Lee PhD,"06810 Brett Lodge Apt. 181, Kevinview, WI 50667",2059,Barnes-Miller,"3258 Price Meadows, West Rebeccamouth, AL 94613",0,,2,,,2
50028,2023-02-11,421.57,Services,1020,Candace Lee PhD,"06810 Brett Lodge Apt. 181, Kevinview, WI 50667",2062,"Burns, Hoffman and Thompson","9174 Martin Alley, Jonathanfurt, NM 53052",0,,5,,,4
50032,2023-02-13,4114.4,Supplies,1020,Candace Lee PhD,"06810 Brett Lodge Apt. 181, Kevinview, WI 50667",2066,Ray-Santiago,"65988 Welch Valleys Apt. 486, Joelberg, FL 88843",0,,0,,,4
50472,2023-11-22,636.77,Meals,1020,Candace Lee PhD,"06810 Brett Lodge Apt. 181, Kevinview, WI 50667",2066,Ray-Santiago,"65988 Welch Valleys Apt. 486, Joelberg, FL 88843",0,,2,2023-02-13,4114.4,6
50824,2023-07-21,2419.75,Travel,1020,Candace Lee PhD,"06810 Brett Lodge Apt. 181, Kevinview, WI 50667",2087,Jimenez PLC,"1545 Jacobs View Apt. 288, New Jimmyhaven, MD 72708",0,,4,,,2
50354,2023-09-24,1540.18,Meals,1020,Candace Lee PhD,"06810 Brett Lodge Apt. 181, Kevinview, WI 50667",2089,"Leach, Jacobs and Pena","84218 Danielle Underpass Apt. 222, New Sandra, OH 92273",20,Weekend_High_Spend; ,6,,,1
50194,2023-02-09,2210.77,Supplies,1020,Candace Lee PhD,"06810 Brett Lodge Apt. 181, Kevinview, WI 50667",2092,Cox and Sons,"5719 Brown Causeway Suite 900, North Michellestad, NY 17487",0,,3,,,2
50415,2023-01-04,4052.37,Meals,1020,Candace Lee PhD,"06810 Brett Lodge Apt. 181, Kevinview, WI 50667",2094,Rivera PLC,"2364 Montoya Spurs, Josephshire, MS 22913",0,,2,,,4
50268,2023-02-27,1485.35,Travel,1020,Candace Lee PhD,"06810 Brett Lodge Apt. 181, Kevinview, WI 50667",2098,Ferrell PLC,"52650 Moore Mountain, East Michael, NJ 27268",0,,0,,,1
50514,2023-11-16,4310.22,Services,1021,Terry Hart,"669 Mccullough Trail, Lake Jamestown, OH 72422",2006,Barnett-Chavez,"4505 Doyle Glen Apt. 833, Shannonland, PW 39773",0,,3,,,4
50138,2023-12-20,170.7,Services,1021,Terry Hart,"669 Mccullough Trail, Lake Jamestown, OH 72422",2008,"Miller, Mack and Watts","63754 Daniel Vista, Gloriamouth, PA 22198",0,,2,,,1
50999,2023-09-25,156.16,Software,1021,Terry Hart,"669 Mccullough Trail, Lake Jamestown, OH 72422",2022,Davis Group,"5546 Whitney Crossroad Suite 975, Lake Sandraport, SD 39784",0,,0,,,1
50110,2023-09-08,1223.88,Travel,1021,Terry Hart,"669 Mccullough Trail, Lake Jamestown, OH 72422",2024,Anderson-Hudson,"29590 Boyle Points Apt. 885, North Nancy, MA 36595",0,,4,,,1
50390,2023-07-01,4364.43,Software,1021,Terry Hart,"669 Mccullough Trail, Lake Jamestown, OH 72422",2025,"Carey, Torres and Martinez","181 Mackenzie Parkways, Port Martinton, MS 53531",20,Weekend_High_Spend; ,5,,,4
50517,2023-03-30,1522.16,Services,1021,Terry Hart,"669 Mccullough Trail, Lake Jamestown, OH 72422",2035,Wheeler-Hale,"8737 Page Stream, North Elizabeth, CA 82526",0,,3,,,1
50092,2023-11-13,821.93,Software,1021,Terry Hart,"669 Mccullough Trail, Lake Jamestown, OH 72422",2036,Mclaughlin Inc,"768 Ross Falls, Lake Michael, OK 46923",0,,0,,,8
50599,2023-05-25,429.88,Supplies,1021,Terry Hart,"669 Mccullough Trail, Lake Jamestown, OH 72422",2057,Taylor LLC,"36878 Cardenas Street Apt. 375, Haleburgh, OR 04364",0,,3,,,4
50179,2023-03-18,4298.91,Meals,1021,Terry Hart,"669 Mccullough Trail, Lake Jamestown, OH 72422",2060,Rogers-Glover,"928 Armstrong Center Apt. 864, Susanton, MO 30175",20,Weekend_High_Spend; ,5,,,4
50119,2023-05-04,3656.65,Services,1021,Terry Hart,"669 Mccullough Trail, Lake Jamestown, OH 72422",2062,"Burns, Hoffman and Thompson","9174 Martin Alley, Jonathanfurt, NM 53052",0,,3,,,3
50039,2023-07-22,1683.54,Services,1021,Terry Hart,"669 Mccullough Trail, Lake Jamestown, OH 72422",2066,Ray-Santiago,"65988 Welch Valleys Apt. 486, Joelberg, FL 88843",20,Weekend_High_Spend; ,5,,,1
50619,2023-02-28,2284.64,Supplies,1021,Terry Hart,"669 Mccullough Trail, Lake Jamestown, OH 72422",2068,"Mills, Beck and Powers","PSC 3696, Box 5586, APO AE 69021",0,,1,,,2
50927,2023-08-27,63.36,Travel,1021,Terry Hart,"669 Mccullough Trail, Lake Jamestown, OH 72422",2071,Hancock Group,"Unit 4711 Box 4944, DPO AP 20470",0,,6,,,6
50133,2023-10-08,1428.65,Software,1021,Terry Hart,"669 Mccullough Trail, Lake Jamestown, OH 72422",2072,Smith-Williams,"0200 Chris Hill Suite 452, Lake Michelleberg, PR 01384",20,Weekend_High_Spend; ,6,,,1
50432,2023-07-15,2709.14,Meals,1021,Terry Hart,"669 Mccullough Trail, Lake Jamestown, OH 72422",2078,"Burns, Martinez and Fitzpatrick","8591 Martin Mews Suite 824, Darleneview, PW 38688",20,Weekend_High_Spend; ,5,,,2
50890,2023-02-17,3061.88,Meals,1021,Terry Hart,"669 Mccullough Trail, Lake Jamestown, OH 72422",2080,Hahn and Sons,"27155 Charles Valley, Kellyside, CT 31934",0,,4,,,3
50345,2023-03-26,3675.04,Services,1021,Terry Hart,"669 Mccullough Trail, Lake Jamestown, OH 72422",2080,Hahn and Sons,"27155 Charles Valley, Kellyside, CT 31934",20,Weekend_High_Spend; ,6,2023-02-17,3061.88,3
50553,2023-01-26,3215.73,Travel,1021,Terry Hart,"669 Mccullough Trail, Lake Jamestown, OH 72422",2084,Rasmussen-Hernandez,"94613 Charles Wall, Keithport, NY 43480",0,,3,,,3
50242,2023-09-14,2296.17,Software,1021,Terry Hart,"669 Mccullough Trail, Lake Jamestown, OH 72422",2087,Jimenez PLC,"1545 Jacobs View Apt. 288, New Jimmyhaven, MD 72708",0,,3,,,2
50063,2023-02-10,627.36,Software,1022,Michael Watkins,"1098 Robert Centers, Lake Anthony, LA 70175",2008,"Miller, Mack and Watts","63754 Daniel Vista, Gloriamouth, PA 22198",0,,4,,,6
50077,2023-09-26,1649.05,Software,1022,Michael Watkins,"1098 Robert Centers, Lake Anthony, LA 70175",2013,Brown Inc,"2287 Laurie Avenue Suite 359, North Mariafurt, AL 87186",0,,1,,,1
50679,2023-06-16,2608.58,Meals,1022,Michael Watkins,"1098 Robert Centers, Lake Anthony, LA 70175",2027,"Hodges, Stevens and Ray","93174 Wells Trace, Lake Charles, MN 40537",0,,4,,,2
50166,2023-09-03,1414.74,Travel,1022,Michael Watkins,"1098 Robert Centers, Lake Anthony, LA 70175",2034,Riley Group,"1494 Porter Views, Danielhaven, DC 99204",20,Weekend_High_Spend; ,6,,,1
50511,2023-12-02,154.88,Services,1022,Michael Watkins,"1098 Robert Centers, Lake Anthony, LA 70175",2038,Campbell-Torres,"306 Lisa Passage Apt. 451, East Molly, VA 76701",0,,5,,,1
50838,2023-02-13,184.32,Services,1022,Michael Watkins,"1098 Robert Centers, Lake Anthony, LA 70175",2055,Boyd Group,"Unit 9659 Box 0767, DPO AE 92178",0,,0,,,1
50434,2023-03-17,3449.15,Travel,1022,Michael Watkins,"1098 Robert Centers, Lake Anthony, LA 70175",2056,Lopez PLC,"793 Matthew Unions Apt. 581, Simonfort, MH 35152",0,,4,,,3
50170,2023-04-17,962.33,Software,1022,Michael Watkins,"1098 Robert Centers, Lake Anthony, LA 70175",2056,Lopez PLC,"793 Matthew Unions Apt. 581, Simonfort, MH 35152",10,Benford_9; ,0,2023-03-17,3449.15,9
50127,2023-06-01,3257.94,Supplies,1022,Michael Watkins,"1098 Robert Centers, Lake Anthony, LA 70175",2060,Rogers-Glover,"928 Armstrong Center Apt. 864, Susanton, MO 30175",0,,3,,,3
50055,2023-01-13,2774.73,Software,1022,Michael Watkins,"1098 Robert Centers, Lake Anthony, LA 70175",2062,"Burns, Hoffman and Thompson","9174 Martin Alley, Jonathanfurt, NM 53052",0,,4,,,2
50959,2023-10-20,2299.13,Software,1022,Michael Watkins,"1098 Robert Centers, Lake Anthony, LA 70175",2065,"Simmons, Smith and Russell","8850 Reynolds Islands, North Brian, MS 79044",0,,4,,,2
50622,2023-01-20,4105.26,Software,1022,Michael Watkins,"1098 Robert Centers, Lake Anthony, LA 70175",2070,"Nelson, Smith and Golden","9814 Robert Groves, East Johnmouth, MI 38711",0,,4,,,4
50496,2023-10-12,4280.14,Services,1022,Michael Watkins,"1098 Robert Centers, Lake Anthony, LA 70175",2077,"Castaneda, Velasquez and Guerrero","USS Nichols, FPO AE 03449",0,,3,,,4
50950,2023-12-22,3561.43,Meals,1022,Michael Watkins,"1098 Robert Centers, Lake Anthony, LA 70175",2078,"Burns, Martinez and Fitzpatrick","8591 Martin Mews Suite 824, Darleneview, PW 38688",0,,4,,,3
50651,2023-12-14,1143.97,Services,1022,Michael Watkins,"1098 Robert Centers, Lake Anthony, LA 70175",2082,"Hutchinson, Bruce and Martin","1694 Edward Squares, New Valerieland, MI 96897",0,,3,,,1
50528,2023-08-31,2091.54,Supplies,1022,Michael Watkins,"1098 Robert Centers, Lake Anthony, LA 70175",2088,"Alvarez, Osborne and Greene","1821 Anderson Haven Apt. 351, Jasonton, AR 97746",0,,3,,,2
50847,2023-03-27,2236.21,Services,1022,Michael Watkins,"1098 Robert Centers, Lake Anthony, LA 70175",2095,"Holmes, Harrison and Brooks","18293 Autumn Extension, Garzaton, AZ 05000",0,,0,,,2
50018,2023-04-07,1532.17,Services,1023,Brian Peterson,"836 Wesley Mountains, Lake Jorge, MN 06161",2005,Jackson-Austin,"1520 Eric Flats, North Jessica, MH 26567",0,,4,,,1
50383,2023-05-28,2454.05,Supplies,1023,Brian Peterson,"836 Wesley Mountains, Lake Jorge, MN 06161",2010,Ochoa Ltd,"01264 Oneill Key, Turnerville, MI 76713",20,Weekend_High_Spend; ,6,,,2
50836,2023-05-22,4470.49,Services,1023,Brian Peterson,"836 Wesley Mountains, Lake Jorge, MN 06161",2011,Hernandez-Gomez,"189 Edwards Road Apt. 221, West Vickie, IL 82481",0,,0,,,4
50831,2023-10-07,3195.03,Services,1023,Brian Peterson,"836 Wesley Mountains, Lake Jorge, MN 06161",2019,Hughes-Campbell,"74355 Khan View Apt. 395, Maryville, CT 57298",20,Weekend_High_Spend; ,5,,,3
50566,2023-02-14,1204.38,Services,1023,Brian Peterson,"836 Wesley Mountains, Lake Jorge, MN 06161",2022,Davis Group,"5546 Whitney Crossroad Suite 975, Lake Sandraport, SD 39784",0,,1,,,1
50675,2023-03-06,3418.91,Services,1023,Brian Peterson,"836 Wesley Mountains, Lake Jorge, MN 06161",2023,Fernandez Group,"55318 John Inlet, New Stephanieview, PW 23645",0,,0,,,3
50117,2023-08-28,2532.83,Services,1023,Brian Peterson,"836 Wesley Mountains, Lake Jorge, MN 06161",2030,Gomez PLC,"243 Melissa Street, East Carrie, CT 85247",0,,0,,,2
50136,2023-10-22,2550.77,Meals,1023,Brian Peterson,"836 Wesley Mountains, Lake Jorge, MN 06161",2033,Garza-Sims,"579 Adam Landing, West Christineville, MN 75056",20,Weekend_High_Spend; ,6,,,2
50544,2023-07-04,2430.04,Services,1023,Brian Peterson,"836 Wesley Mountains, Lake Jorge, MN 06161",2049,Nguyen-Long,"9596 Pamela Courts Apt. 382, Thomashaven, PR 25929",0,,1,,,2
50295,2023-08-14,4228.84,Meals,1023,Brian Peterson,"836 Wesley Mountains, Lake Jorge, MN 06161",2049,Nguyen-Long,"9596 Pamela Courts Apt. 382, Thomashaven, PR 25929",0,,0,2023-07-04,2430.04,4
50239,2023-02-23,2953.75,Services,1023,Brian Peterson,"836 Wesley Mountains, Lake Jorge, MN 06161",2050,Murillo Group,"983 Maria Track Apt. 147, Mejiatown, TX 99943",0,,3,,,2
50074,2023-08-17,784.14,Software,1023,Brian Peterson,"836 Wesley Mountains, Lake Jorge, MN 06161",2053,Meyer-Rodgers,"3889 Andrews Union Suite 550, Donaldsontown, GU 50691",0,,3,,,7
50802,2023-10-23,3023.75,Software,1023,Brian Peterson,"836 Wesley Mountains, Lake Jorge, MN 06161",2057,Taylor LLC,"36878 Cardenas Street Apt. 375, Haleburgh, OR 04364",0,,0,,,3
50104,2023-03-08,139.55,Travel,1023,Brian Peterson,"836 Wesley Mountains, Lake Jorge, MN 06161",2059,Barnes-Miller,"3258 Price Meadows, West Rebeccamouth, AL 94613",0,,2,,,1
50634,2023-05-25,3250.45,Services,1023,Brian Peterson,"836 Wesley Mountains, Lake Jorge, MN 06161",2061,Johnson-Reyes,"914 Crystal Fords Suite 683, Dylanhaven, MS 03444",0,,3,,,3
50866,2023-07-09,1439.03,Meals,1023,Brian Peterson,"836 Wesley Mountains, Lake Jorge, MN 06161",2062,"Burns, Hoffman and Thompson","9174 Martin Alley, Jonathanfurt, NM 53052",20,Weekend_High_Spend; ,6,,,1
50739,2023-09-24,3275.14,Software,1023,Brian Peterson,"836 Wesley Mountains, Lake Jorge, MN 06161",2064,"Little, Myers and Sullivan","906 Matthew Ramp Suite 752, New Carolhaven, GU 76208",20,Weekend_High_Spend; ,6,,,3
50041,2023-03-25,323.27,Software,1023,Brian Peterson,"836 Wesley Mountains, Lake Jorge, MN 06161",2065,"Simmons, Smith and Russell","8850 Reynolds Islands, North Brian, MS 79044",0,,5,,,3
50951,2023-09-27,653.1,Services,1023,Brian Peterson,"836 Wesley Mountains, Lake Jorge, MN 06161",2070,"Nelson, Smith and Golden","9814 Robert Groves, East Johnmouth, MI 38711",0,,2,,,6
50271,2023-11-05,1201.86,Software,1023,Brian Peterson,"836 Wesley Mountains, Lake Jorge, MN 06161",2084,Rasmussen-Hernandez,"94613 Charles Wall, Keithport, NY 43480",20,Weekend_High_Spend; ,6,,,1
50317,2023-03-13,2483.35,Software,1023,Brian Peterson,"836 Wesley Mountains, Lake Jorge, MN 06161",2088,"Alvarez, Osborne and Greene","1821 Anderson Haven Apt. 351, Jasonton, AR 97746",0,,0,,,2
50397,2023-06-20,4460.78,Supplies,1023,Brian Peterson,"836 Wesley Mountains, Lake Jorge, MN 06161",2090,Davis Ltd,"53512 Sanchez Lodge, Thorntonmouth, KY 57110",0,,1,,,4
50096,2023-09-07,2262.35,Supplies,1023,Brian Peterson,"836 Wesley Mountains, Lake Jorge, MN 06161",2093,Fisher Inc,"006 Austin Road, East Stevenhaven, MA 52384",0,,3,,,2
50903,2023-07-11,1757.81,Supplies,1023,Brian Peterson,"836 Wesley Mountains, Lake Jorge, MN 06161",2095,"Holmes, Harrison and Brooks","18293 Autumn Extension, Garzaton, AZ 05000",0,,1,,,1
50417,2023-10-18,2945.07,Supplies,1023,Brian Peterson,"836 Wesley Mountains, Lake Jorge, MN 06161",2099,"Cardenas, Martin and Richard","64483 Cook Spurs Suite 549, Karenmouth, VA 26266",40,,2,,,2
50417,2023-10-18,2945.07,Supplies,1023,Brian Peterson,"836 Wesley Mountains, Lake Jorge, MN 06161",2099,Shell Corp Services,"33581 Goodwin Islands, Lake Jeffreyshire, RI 15330",40,Split_Payment; ,2,2023-10-18,2945.07,2
50236,2023-07-10,919.26,Supplies,1024,Kayla Anderson,"913 Miller Alley, West Lindseychester, WV 96815",2010,Ochoa Ltd,"01264 Oneill Key, Turnerville, MI 76713",10,Benford_9; ,0,,,9
50526,2023-10-21,993.95,Travel,1024,Kayla Anderson,"913 Miller Alley, West Lindseychester, WV 96815",2038,Campbell-Torres,"306 Lisa Passage Apt. 451, East Molly, VA 76701",30,Weekend_High_Spend; Benford_9; ,5,,,9
50923,2023-01-27,2717.47,Meals,1024,Kayla Anderson,"913 Miller Alley, West Lindseychester, WV 96815",2039,"Williams, Aguilar and Warren","973 Scott Valley, Joelstad, KY 43393",0,,4,,,2
50649,2023-08-10,2276.25,Services,1024,Kayla Anderson,"913 Miller Alley, West Lindseychester, WV 96815",2043,Bowen Group,"167 Rebecca Road, Stevenberg, HI 76987",0,,3,,,2
50685,2023-03-25,4112.42,Meals,1024,Kayla Anderson,"913 Miller Alley, West Lindseychester, WV 96815",2050,Murillo Group,"983 Maria Track Apt. 147, Mejiatown, TX 99943",20,Weekend_High_Spend; ,5,,,4
50966,2023-02-27,1735.36,Meals,1024,Kayla Anderson,"913 Miller Alley, West Lindseychester, WV 96815",2052,"Levy, Owens and Greer","08044 Keith Loaf, North Robin, TN 23040",0,,0,,,1
50519,2023-07-09,4287.04,Software,1024,Kayla Anderson,"913 Miller Alley, West Lindseychester, WV 96815",2058,"Brown, Klein and Sanders","84157 Myers Station, North Terri, WA 15013",20,Weekend_High_Spend; ,6,,,4
50891,2023-09-07,4252.51,Services,1024,Kayla Anderson,"913 Miller Alley, West Lindseychester, WV 96815",2058,"Brown, Klein and Sanders","84157 Myers Station, North Terri, WA 15013",0,,3,2023-07-09,4287.04,4
50444,2023-06-28,3963.0,Services,1024,Kayla Anderson,"913 Miller Alley, West Lindseychester, WV 96815",2059,Barnes-Miller,"3258 Price Meadows, West Rebeccamouth, AL 94613",0,,2,,,3
50338,2023-07-14,3390.47,Supplies,1024,Kayla Anderson,"913 Miller Alley, West Lindseychester, WV 96815",2067,Wilson-Sanders,"97308 Silva Tunnel, Patelland, ND 31594",0,,4,,,3
50962,2023-07-03,149.75,Services,1024,Kayla Anderson,"913 Miller Alley, West Lindseychester, WV 96815",2071,Hancock Group,"Unit 4711 Box 4944, DPO AP 20470",0,,0,,,1
50403,2023-03-11,1588.58,Travel,1024,Kayla Anderson,"913 Miller Alley, West Lindseychester, WV 96815",2083,Buchanan-Knight,"5912 Patrick Valleys Suite 204, Coreymouth, PW 13157",20,Weekend_High_Spend; ,5,,,1
50341,2023-02-06,3596.67,Services,1024,Kayla Anderson,"913 Miller Alley, West Lindseychester, WV 96815",2087,Jimenez PLC,"1545 Jacobs View Apt. 288, New Jimmyhaven, MD 72708",0,,0,,,3
50683,2023-01-10,4001.03,Travel,1024,Kayla Anderson,"913 Miller Alley, West Lindseychester, WV 96815",2095,"Holmes, Harrison and Brooks","18293 Autumn Extension, Garzaton, AZ 05000",0,,1,,,4
50569,2023-09-18,1538.89,Software,1024,Kayla Anderson,"913 Miller Alley, West Lindseychester, WV 96815",2099,"Cardenas, Martin and Richard","64483 Cook Spurs Suite 549, Karenmouth, VA 26266",40,,0,,,1
50569,2023-09-18,1538.89,Software,1024,Kayla Anderson,"913 Miller Alley, West Lindseychester, WV 96815",2099,Shell Corp Services,"33581 Goodwin Islands, Lake Jeffreyshire, RI 15330",40,Split_Payment; ,0,2023-09-18,1538.89,1
50629,2023-10-04,1169.1,Meals,1025,Nicholas Young,"6673 James Wall Suite 436, West Kathrynville, IN 91577",2007,"Hobbs, Williams and Hunt","300 Anthony Tunnel, New Timothyfurt, ND 14279",0,,2,,,1
50048,2023-07-21,1651.57,Supplies,1025,Nicholas Young,"6673 James Wall Suite 436, West Kathrynville, IN 91577",2012,Walker Ltd,"9516 Melanie Dale Suite 907, East Brett, ID 69269",0,,4,,,1
50833,2023-12-02,3815.7,Travel,1025,Nicholas Young,"6673 James Wall Suite 436, West Kathrynville, IN 91577",2013,Brown Inc,"2287 Laurie Avenue Suite 359, North Mariafurt, AL 87186",20,Weekend_High_Spend; ,5,,,3
50647,2023-01-16,3060.65,Services,1025,Nicholas Young,"6673 James Wall Suite 436, West Kathrynville, IN 91577",2042,"King, Hughes and Willis","8989 Campbell Flats, Timothyshire, DC 87804",0,,0,,,3
50689,2023-09-22,3636.51,Software,1025,Nicholas Young,"6673 James Wall Suite 436, West Kathrynville, IN 91577",2044,"Chaney, Flores and Williams","614 Michael Streets, Lake Richardside, CA 49620",0,,4,,,3
50273,2023-09-23,1349.16,Supplies,1025,Nicholas Young,"6673 James Wall Suite 436, West Kathrynville, IN 91577",2057,Taylor LLC,"36878 Cardenas Street Apt. 375, Haleburgh, OR 04364",20,Weekend_High_Spend; ,5,,,1
50112,2023-01-14,2894.66,Services,1025,Nicholas Young,"6673 James Wall Suite 436, West Kathrynville, IN 91577",2063,"Patel, Adams and Hill","415 Matthew Glen Apt. 850, New Tammyton, MI 79051",20,Weekend_High_Spend; ,5,,,2
50210,2023-10-13,3790.06,Meals,1025,Nicholas Young,"6673 James Wall Suite 436, West Kathrynville, IN 91577",2068,"Mills, Beck and Powers","PSC 3696, Box 5586, APO AE 69021",0,,4,,,3
50857,2023-12-17,744.18,Supplies,1025,Nicholas Young,"6673 James Wall Suite 436, West Kathrynville, IN 91577",2069,Ho-Mann,"72000 Garcia Mountains Suite 344, Stonetown, MN 34788",20,Weekend_High_Spend; ,6,,,7
50845,2023-05-03,1261.7,Services,1025,Nicholas Young,"6673 James Wall Suite 436, West Kathrynville, IN 91577",2075,Bullock-Foster,"07700 Eric Islands Suite 812, Keithland, NH 72796",0,,2,,,1
50223,2023-11-12,3254.08,Travel,1025,Nicholas Young,"6673 James Wall Suite 436, West Kathrynville, IN 91577",2076,Cruz-Vasquez,"27673 Glenn Gardens, Paulstad, CO 89213",20,Weekend_High_Spend; ,6,,,3
50493,2023-07-11,1027.09,Travel,1025,Nicholas Young,"6673 James Wall Suite 436, West Kathrynville, IN 91577",2077,"Castaneda, Velasquez and Guerrero","USS Nichols, FPO AE 03449",0,,1,,,1
50412,2023-06-26,81.3,Supplies,1025,Nicholas Young,"6673 James Wall Suite 436, West Kathrynville, IN 91577",2081,Wright Ltd,"2363 Michael Mews Suite 085, New Davidview, CT 52565",0,,0,,,8
50149,2023-05-15,4104.86,Travel,1025,Nicholas Young,"6673 James Wall Suite 436, West Kathrynville, IN 91577",2098,Ferrell PLC,"52650 Moore Mountain, East Michael, NJ 27268",0,,0,,,4
50075,2023-01-30,2405.47,Supplies,1026,Bridget Randall,"326 William Street, East Michaelbury, TX 67252",2004,"Garcia, Robles and Mitchell","256 Jennifer Expressway, Paulburgh, TN 06283",0,,0,,,2
50812,2023-06-09,162.81,Services,1026,Bridget Randall,"326 William Street, East Michaelbury, TX 67252",2032,Gallagher-Solis,"79701 Howard Port, East Marcfort, PW 11913",0,,4,,,1
50827,2023-03-24,1118.0,Software,1026,Bridget Randall,"326 William Street, East Michaelbury, TX 67252",2048,Roman Ltd,"4488 Crawford Throughway Suite 527, West Duane, AL 78606",0,,4,,,1
50721,2023-08-14,74.07,Travel,1026,Bridget Randall,"326 William Street, East Michaelbury, TX 67252",2048,Roman Ltd,"4488 Crawford Throughway Suite 527, West Duane, AL 78606",0,,0,2023-03-24,1118.0,7
50410,2023-10-14,3362.68,Meals,1026,Bridget Randall,"326 William Street, East Michaelbury, TX 67252",2054,Brown LLC,"94144 Smith Courts, Houstonberg, NC 14515",20,Weekend_High_Spend; ,5,,,3
50021,2023-01-13,2860.12,Travel,1026,Bridget Randall,"326 William Street, East Michaelbury, TX 67252",2065,"Simmons, Smith and Russell","8850 Reynolds Islands, North Brian, MS 79044",0,,4,,,2
50851,2023-10-23,1375.02,Travel,1026,Bridget Randall,"326 William Street, East Michaelbury, TX 67252",2084,Rasmussen-Hernandez,"94613 Charles Wall, Keithport, NY 43480",0,,0,,,1
50456,2023-08-19,808.26,Services,1026,Bridget Randall,"326 William Street, East Michaelbury, TX 67252",2088,"Alvarez, Osborne and Greene","1821 Anderson Haven Apt. 351, Jasonton, AR 97746",20,Weekend_High_Spend; ,5,,,8
50886,2023-08-12,2184.18,Supplies,1026,Bridget Randall,"326 William Street, East Michaelbury, TX 67252",2092,Cox and Sons,"5719 Brown Causeway Suite 900, North Michellestad, NY 17487",20,Weekend_High_Spend; ,5,,,2
50618,2023-09-20,3186.91,Meals,1026,Bridget Randall,"326 William Street, East Michaelbury, TX 67252",2094,Rivera PLC,"2364 Montoya Spurs, Josephshire, MS 22913",0,,2,,,3
50766,2023-05-14,4286.61,Services,1026,Bridget Randall,"326 William Street, East Michaelbury, TX 67252",2097,"Stone, Johnson and Rodriguez","69365 Anderson Track, Matthewmouth, KY 54932",20,Weekend_High_Spend; ,6,,,4
50306,2023-07-10,1508.5,Meals,1027,Christina Adams,"4022 Boyle Shoal Apt. 032, East Jamie, NY 14638",2002,Brown LLC,"PSC 8735, Box 0598, APO AP 53357",0,,0,,,1
50583,2023-10-18,1670.75,Travel,1027,Christina Adams,"4022 Boyle Shoal Apt. 032, East Jamie, NY 14638",2003,Lee LLC,"9410 Blair Terrace, New Elizabeth, LA 11296",0,,2,,,1
50746,2023-07-23,2387.26,Travel,1027,Christina Adams,"4022 Boyle Shoal Apt. 032, East Jamie, NY 14638",2006,Barnett-Chavez,"4505 Doyle Glen Apt. 833, Shannonland, PW 39773",20,Weekend_High_Spend; ,6,,,2
50500,2023-03-28,2684.51,Services,1027,Christina Adams,"4022 Boyle Shoal Apt. 032, East Jamie, NY 14638",2015,Perry and Sons,"945 Thomas Mountains Suite 203, Port James, PR 75150",0,,1,,,2
50089,2023-03-30,2106.61,Travel,1027,Christina Adams,"4022 Boyle Shoal Apt. 032, East Jamie, NY 14638",2017,"Brock, Vargas and Price","46731 Michael Mount, Andrewbury, AK 42223",0,,3,,,2
50369,2023-04-06,3469.67,Supplies,1027,Christina Adams,"4022 Boyle Shoal Apt. 032, East Jamie, NY 14638",2020,"Hicks, Russell and Kelly","160 Daniel Motorway Suite 593, Port Mark, PR 45282",0,,3,,,3
50723,2023-03-06,2370.62,Travel,1027,Christina Adams,"4022 Boyle Shoal Apt. 032, East Jamie, NY 14638",2021,Cole-Tyler,"90000 Bell Haven Suite 394, Lake Ginastad, MT 12092",0,,0,,,2
50027,2023-04-13,407.63,Travel,1027,Christina Adams,"4022 Boyle Shoal Apt. 032, East Jamie, NY 14638",2021,Cole-Tyler,"90000 Bell Haven Suite 394, Lake Ginastad, MT 12092",0,,3,2023-03-06,2370.62,4
50948,2023-09-14,1509.18,Services,1027,Christina Adams,"4022 Boyle Shoal Apt. 032, East Jamie, NY 14638",2024,Anderson-Hudson,"29590 Boyle Points Apt. 885, North Nancy, MA 36595",0,,3,,,1
50065,2023-06-03,470.66,Travel,1027,Christina Adams,"4022 Boyle Shoal Apt. 032, East Jamie, NY 14638",2035,Wheeler-Hale,"8737 Page Stream, North Elizabeth, CA 82526",0,,5,,,4
50324,2023-11-08,1113.26,Supplies,1027,Christina Adams,"4022 Boyle Shoal Apt. 032, East Jamie, NY 14638",2049,Nguyen-Long,"9596 Pamela Courts Apt. 382, Thomashaven, PR 25929",0,,2,,,1
50503,2023-09-17,3167.58,Services,1027,Christina Adams,"4022 Boyle Shoal Apt. 032, East Jamie, NY 14638",2053,Meyer-Rodgers,"3889 Andrews Union Suite 550, Donaldsontown, GU 50691",20,Weekend_High_Spend; ,6,,,3
50323,2023-06-12,2919.17,Meals,1027,Christina Adams,"4022 Boyle Shoal Apt. 032, East Jamie, NY 14638",2057,Taylor LLC,"36878 Cardenas Street Apt. 375, Haleburgh, OR 04364",0,,0,,,2
50779,2023-12-09,969.19,Software,1027,Christina Adams,"4022 Boyle Shoal Apt. 032, East Jamie, NY 14638",2057,Taylor LLC,"36878 Cardenas Street Apt. 375, Haleburgh, OR 04364",30,Weekend_High_Spend; Benford_9; ,5,2023-06-12,2919.17,9
50076,2023-07-30,1667.11,Software,1027,Christina Adams,"4022 Boyle Shoal Apt. 032, East Jamie, NY 14638",2059,Barnes-Miller,"3258 Price Meadows, West Rebeccamouth, AL 94613",20,Weekend_High_Spend; ,6,,,1
50522,2023-06-11,3606.82,Meals,1027,Christina Adams,"4022 Boyle Shoal Apt. 032, East Jamie, NY 14638",2073,"Wilson, Solis and Russell","1349 Vargas Islands Suite 069, Larryfurt, IA 45177",20,Weekend_High_Spend; ,6,,,3
50275,2023-11-11,1072.76,Travel,1027,Christina Adams,"4022 Boyle Shoal Apt. 032, East Jamie, NY 14638",2078,"Burns, Martinez and Fitzpatrick","8591 Martin Mews Suite 824, Darleneview, PW 38688",20,Weekend_High_Spend; ,5,,,1
50190,2023-09-26,4065.25,Supplies,1027,Christina Adams,"4022 Boyle Shoal Apt. 032, East Jamie, NY 14638",2086,"Fernandez, Hoffman and Parker","829 Gonzales Meadows Apt. 650, Peterport, HI 58928",0,,1,,,4
50162,2023-09-18,1823.08,Travel,1027,Christina Adams,"4022 Boyle Shoal Apt. 032, East Jamie, NY 14638",2091,"Krause, Flynn and Foster","USNS Williamson, FPO AE 45018",0,,0,,,1
50501,2023-11-27,2570.69,Meals,1027,Christina Adams,"4022 Boyle Shoal Apt. 032, East Jamie, NY 14638",2092,Cox and Sons,"5719 Brown Causeway Suite 900, North Michellestad, NY 17487",0,,0,,,2
50729,2023-03-27,538.49,Services,1027,Christina Adams,"4022 Boyle Shoal Apt. 032, East Jamie, NY 14638",2095,"Holmes, Harrison and Brooks","18293 Autumn Extension, Garzaton, AZ 05000",0,,0,,,5
50786,2023-06-12,3586.45,Software,1027,Christina Adams,"4022 Boyle Shoal Apt. 032, East Jamie, NY 14638",2097,"Stone, Johnson and Rodriguez","69365 Anderson Track, Matthewmouth, KY 54932",0,,0,,,3
50111,2023-10-06,874.31,Supplies,1028,Kimberly Brooks DDS,"929 Garcia Camp, New Christopher, OK 59278",2013,Brown Inc,"2287 Laurie Avenue Suite 359, North Mariafurt, AL 87186",0,,4,,,8
50296,2023-02-08,3740.44,Supplies,1028,Kimberly Brooks DDS,"929 Garcia Camp, New Christopher, OK 59278",2024,Anderson-Hudson,"29590 Boyle Points Apt. 885, North Nancy, MA 36595",0,,2,,,3
50940,2023-06-10,4134.84,Supplies,1028,Kimberly Brooks DDS,"929 Garcia Camp, New Christopher, OK 59278",2025,"Carey, Torres and Martinez","181 Mackenzie Parkways, Port Martinton, MS 53531",20,Weekend_High_Spend; ,5,,,4
50742,2023-06-16,3918.54,Meals,1028,Kimberly Brooks DDS,"929 Garcia Camp, New Christopher, OK 59278",2027,"Hodges, Stevens and Ray","93174 Wells Trace, Lake Charles, MN 40537",0,,4,,,3
50745,2023-12-01,340.54,Services,1028,Kimberly Brooks DDS,"929 Garcia Camp, New Christopher, OK 59278",2048,Roman Ltd,"4488 Crawford Throughway Suite 527, West Duane, AL 78606",0,,4,,,3
50860,2023-07-28,673.76,Services,1028,Kimberly Brooks DDS,"929 Garcia Camp, New Christopher, OK 59278",2059,Barnes-Miller,"3258 Price Meadows, West Rebeccamouth, AL 94613",0,,4,,,6
50267,2023-04-21,2385.56,Software,1028,Kimberly Brooks DDS,"929 Garcia Camp, New Christopher, OK 59278",2067,Wilson-Sanders,"97308 Silva Tunnel, Patelland, ND 31594",0,,4,,,2
50691,2023-03-09,3745.69,Supplies,1028,Kimberly Brooks DDS,"929 Garcia Camp, New Christopher, OK 59278",2068,"Mills, Beck and Powers","PSC 3696, Box 5586, APO AE 69021",0,,3,,,3
50423,2023-06-20,3895.12,Meals,1028,Kimberly Brooks DDS,"929 Garcia Camp, New Christopher, OK 59278",2074,Duncan Ltd,"PSC 4254, Box 1412, APO AP 24976",0,,1,,,3
50711,2023-04-23,2367.3,Software,1028,Kimberly Brooks DDS,"929 Garcia Camp, New Christopher, OK 59278",2082,"Hutchinson, Bruce and Martin","1694 Edward Squares, New Valerieland, MI 96897",20,Weekend_High_Spend; ,6,,,2
50470,2023-05-05,3692.54,Supplies,1028,Kimberly Brooks DDS,"929 Garcia Camp, New Christopher, OK 59278",2084,Rasmussen-Hernandez,"94613 Charles Wall, Keithport, NY 43480",0,,4,,,3
50668,2023-12-25,1487.56,Supplies,1028,Kimberly Brooks DDS,"929 Garcia Camp, New Christopher, OK 59278",2085,Burns-Allen,"275 Frances Shoal Apt. 795, Lake Caitlin, FM 60724",0,,0,,,1
50868,2023-01-13,3532.18,Software,1028,Kimberly Brooks DDS,"929 Garcia Camp, New Christopher, OK 59278",2092,Cox and Sons,"5719 Brown Causeway Suite 900, North Michellestad, NY 17487",0,,4,,,3
50687,2023-07-21,3753.29,Supplies,1029,Janice Henry,"787 Soto River, New Joshua, DC 45857",2011,Hernandez-Gomez,"189 Edwards Road Apt. 221, West Vickie, IL 82481",0,,4,,,3
50660,2023-01-22,4241.03,Software,1029,Janice Henry,"787 Soto River, New Joshua, DC 45857",2012,Walker Ltd,"9516 Melanie Dale Suite 907, East Brett, ID 69269",20,Weekend_High_Spend; ,6,,,4
50012,2023-08-18,1926.22,Software,1029,Janice Henry,"787 Soto River, New Joshua, DC 45857",2015,Perry and Sons,"945 Thomas Mountains Suite 203, Port James, PR 75150",0,,4,,,1
50492,2023-02-08,739.29,Services,1029,Janice Henry,"787 Soto River, New Joshua, DC 45857",2028,"Thornton, Carter and Mcgee","1214 Mercado Row, Maryland, KS 89257",0,,2,,,7
50899,2023-07-23,2296.38,Services,1029,Janice Henry,"787 Soto River, New Joshua, DC 45857",2030,Gomez PLC,"243 Melissa Street, East Carrie, CT 85247",20,Weekend_High_Spend; ,6,,,2
50541,2023-05-22,341.23,Services,1029,Janice Henry,"787 Soto River, New Joshua, DC 45857",2038,Campbell-Torres,"306 Lisa Passage Apt. 451, East Molly, VA 76701",0,,0,,,3
50125,2023-10-11,533.74,Services,1029,Janice Henry,"787 Soto River, New Joshua, DC 45857",2039,"Williams, Aguilar and Warren","973 Scott Valley, Joelstad, KY 43393",0,,2,,,5
50524,2023-01-07,2617.01,Travel,1029,Janice Henry,"787 Soto River, New Joshua, DC 45857",2041,Lane LLC,"07991 Amber Expressway Apt. 800, Collinsstad, DC 89717",20,Weekend_High_Spend; ,5,,,2
50533,2023-12-28,1781.98,Supplies,1029,Janice Henry,"787 Soto River, New Joshua, DC 45857",2067,Wilson-Sanders,"97308 Silva Tunnel, Patelland, ND 31594",0,,3,,,1
50050,2023-04-02,2155.25,Supplies,1029,Janice Henry,"787 Soto River, New Joshua, DC 45857",2080,Hahn and Sons,"27155 Charles Valley, Kellyside, CT 31934",20,Weekend_High_Spend; ,6,,,2
50322,2023-04-25,3878.19,Software,1029,Janice Henry,"787 Soto River, New Joshua, DC 45857",2080,Hahn and Sons,"27155 Charles Valley, Kellyside, CT 31934",0,,1,2023-04-02,2155.25,3
50594,2023-05-23,4015.05,Meals,1029,Janice Henry,"787 Soto River, New Joshua, DC 45857",2091,"Krause, Flynn and Foster","USNS Williamson, FPO AE 45018",0,,1,,,4
50131,2023-10-08,3501.35,Supplies,1029,Janice Henry,"787 Soto River, New Joshua, DC 45857",2093,Fisher Inc,"006 Austin Road, East Stevenhaven, MA 52384",20,Weekend_High_Spend; ,6,,,3
50701,2023-09-27,4351.29,Meals,1030,Harry Evans,"0514 Shawna Crossing Apt. 451, Lake Angela, DC 92488",2006,Barnett-Chavez,"4505 Doyle Glen Apt. 833, Shannonland, PW 39773",0,,2,,,4
50161,2023-04-30,878.45,Travel,1030,Harry Evans,"0514 Shawna Crossing Apt. 451, Lake Angela, DC 92488",2008,"Miller, Mack and Watts","63754 Daniel Vista, Gloriamouth, PA 22198",20,Weekend_High_Spend; ,6,,,8
50379,2023-01-25,657.23,Supplies,1030,Harry Evans,"0514 Shawna Crossing Apt. 451, Lake Angela, DC 92488",2009,Hunt-Wallace,"27454 Jeffery Locks, Jensenport, ND 82355",0,,2,,,6
50418,2023-08-07,197.53,Software,1030,Harry Evans,"0514 Shawna Crossing Apt. 451, Lake Angela, DC 92488",2011,Hernandez-Gomez,"189 Edwards Road Apt. 221, West Vickie, IL 82481",0,,0,,,1
50140,2023-02-22,1563.23,Travel,1030,Harry Evans,"0514 Shawna Crossing Apt. 451, Lake Angela, DC 92488",2014,"Logan, Bradley and Rodriguez","574 Hart Isle Suite 302, Marvinhaven, TN 51787",0,,2,,,1
50455,2023-09-07,1775.07,Services,1030,Harry Evans,"0514 Shawna Crossing Apt. 451, Lake Angela, DC 92488",2016,Harper-Sanders,"2602 Schmidt Land, Port Curtistown, ID 07786",0,,3,,,1
50430,2023-04-16,3467.45,Software,1030,Harry Evans,"0514 Shawna Crossing Apt. 451, Lake Angela, DC 92488",2021,Cole-Tyler,"90000 Bell Haven Suite 394, Lake Ginastad, MT 12092",20,Weekend_High_Spend; ,6,,,3
50490,2023-10-08,196.8,Software,1030,Harry Evans,"0514 Shawna Crossing Apt. 451, Lake Angela, DC 92488",2021,Cole-Tyler,"90000 Bell Haven Suite 394, Lake Ginastad, MT 12092",0,,6,2023-04-16,3467.45,1
50447,2023-09-08,2354.91,Services,1030,Harry Evans,"0514 Shawna Crossing Apt. 451, Lake Angela, DC 92488",2033,Garza-Sims,"579 Adam Landing, West Christineville, MN 75056",0,,4,,,2
50195,2023-01-19,4046.78,Travel,1030,Harry Evans,"0514 Shawna Crossing Apt. 451, Lake Angela, DC 92488",2048,Roman Ltd,"4488 Crawford Throughway Suite 527, West Duane, AL 78606",0,,3,,,4
50184,2023-06-27,501.09,Services,1030,Harry Evans,"0514 Shawna Crossing Apt. 451, Lake Angela, DC 92488",2050,Murillo Group,"983 Maria Track Apt. 147, Mejiatown, TX 99943",0,,1,,,5
50174,2023-04-01,2799.24,Software,1030,Harry Evans,"0514 Shawna Crossing Apt. 451, Lake Angela, DC 92488",2055,Boyd Group,"Unit 9659 Box 0767, DPO AE 92178",20,Weekend_High_Spend; ,5,,,2
50636,2023-12-08,2177.37,Travel,1030,Harry Evans,"0514 Shawna Crossing Apt. 451, Lake Angela, DC 92488",2059,Barnes-Miller,"3258 Price Meadows, West Rebeccamouth, AL 94613",0,,4,,,2
50244,2023-09-10,2645.27,Software,1030,Harry Evans,"0514 Shawna Crossing Apt. 451, Lake Angela, DC 92488",2069,Ho-Mann,"72000 Garcia Mountains Suite 344, Stonetown, MN 34788",20,Weekend_High_Spend; ,6,,,2
50743,2023-12-24,3585.06,Software,1030,Harry Evans,"0514 Shawna Crossing Apt. 451, Lake Angela, DC 92488",2069,Ho-Mann,"72000 Garcia Mountains Suite 344, Stonetown, MN 34788",20,Weekend_High_Spend; ,6,2023-09-10,2645.27,3
50918,2023-05-07,1088.98,Services,1030,Harry Evans,"0514 Shawna Crossing Apt. 451, Lake Angela, DC 92488",2078,"Burns, Martinez and Fitzpatrick","8591 Martin Mews Suite 824, Darleneview, PW 38688",20,Weekend_High_Spend; ,6,,,1
50433,2023-12-02,3815.14,Meals,1030,Harry Evans,"0514 Shawna Crossing Apt. 451, Lake Angela, DC 92488",2087,Jimenez PLC,"1545 Jacobs View Apt. 288, New Jimmyhaven, MD 72708",20,Weekend_High_Spend; ,5,,,3
50682,2023-12-19,3318.82,Meals,1030,Harry Evans,"0514 Shawna Crossing Apt. 451, Lake Angela, DC 92488",2091,"Krause, Flynn and Foster","USNS Williamson, FPO AE 45018",0,,1,,,3
50846,2023-05-30,1422.16,Supplies,1030,Harry Evans,"0514 Shawna Crossing Apt. 451, Lake Angela, DC 92488",2092,Cox and Sons,"5719 Brown Causeway Suite 900, North Michellestad, NY 17487",0,,1,,,1
50247,2023-06-30,3464.6,Travel,1030,Harry Evans,"0514 Shawna Crossing Apt. 451, Lake Angela, DC 92488",2094,Rivera PLC,"2364 Montoya Spurs, Josephshire, MS 22913",0,,4,,,3
50173,2023-12-10,3245.9,Software,1030,Harry Evans,"0514 Shawna Crossing Apt. 451, Lake Angela, DC 92488",2098,Ferrell PLC,"52650 Moore Mountain, East Michael, NJ 27268",20,Weekend_High_Spend; ,6,,,3
50601,2023-09-22,1041.97,Meals,1031,Raymond Williams,"72012 Johnson Station, Lindseyton, ME 43608",2005,Jackson-Austin,"1520 Eric Flats, North Jessica, MH 26567",0,,4,,,1
50375,2023-12-18,190.09,Software,1031,Raymond Williams,"72012 Johnson Station, Lindseyton, ME 43608",2006,Barnett-Chavez,"4505 Doyle Glen Apt. 833, Shannonland, PW 39773",0,,0,,,1
50889,2023-07-19,655.55,Services,1031,Raymond Williams,"72012 Johnson Station, Lindseyton, ME 43608",2008,"Miller, Mack and Watts","63754 Daniel Vista, Gloriamouth, PA 22198",0,,2,,,6
50431,2023-10-19,3713.29,Software,1031,Raymond Williams,"72012 Johnson Station, Lindseyton, ME 43608",2010,Ochoa Ltd,"01264 Oneill Key, Turnerville, MI 76713",0,,3,,,3
50612,2023-05-02,2005.94,Services,1031,Raymond Williams,"72012 Johnson Station, Lindseyton, ME 43608",2013,Brown Inc,"2287 Laurie Avenue Suite 359, North Mariafurt, AL 87186",0,,1,,,2
50436,2023-11-01,4022.83,Travel,1031,Raymond Williams,"72012 Johnson Station, Lindseyton, ME 43608",2013,Brown Inc,"2287 Laurie Avenue Suite 359, North Mariafurt, AL 87186",0,,2,2023-05-02,2005.94,4
50460,2023-02-12,1157.0,Software,1031,Raymond Williams,"72012 Johnson Station, Lindseyton, ME 43608",2027,"Hodges, Stevens and Ray","93174 Wells Trace, Lake Charles, MN 40537",20,Weekend_High_Spend; ,6,,,1
50130,2023-07-28,2651.5,Services,1031,Raymond Williams,"72012 Johnson Station, Lindseyton, ME 43608",2027,"Hodges, Stevens and Ray","93174 Wells Trace, Lake Charles, MN 40537",0,,4,2023-02-12,1157.0,2
50265,2023-08-01,1801.9,Meals,1031,Raymond Williams,"72012 Johnson Station, Lindseyton, ME 43608",2045,Parker Group,"6826 Jennifer Drives, Robinton, AZ 71490",0,,1,,,1
50262,2023-10-31,2595.19,Supplies,1031,Raymond Williams,"72012 Johnson Station, Lindseyton, ME 43608",2046,"Coffey, Ross and Johnson","Unit 5717 Box 9802, DPO AP 26669",0,,1,,,2
50227,2023-11-28,2406.8,Supplies,1031,Raymond Williams,"72012 Johnson Station, Lindseyton, ME 43608",2047,Wilson-Martin,"37623 Nicole Ridge Suite 925, South Christian, MO 66629",0,,1,,,2
50579,2023-02-27,1497.61,Meals,1031,Raymond Williams,"72012 Johnson Station, Lindseyton, ME 43608",2049,Nguyen-Long,"9596 Pamela Courts Apt. 382, Thomashaven, PR 25929",0,,0,,,1
50187,2023-07-11,527.86,Travel,1031,Raymond Williams,"72012 Johnson Station, Lindseyton, ME 43608",2051,"Thompson, Curry and Oneill","Unit 2316 Box 3994, DPO AE 15152",0,,1,,,5
50616,2023-04-02,4127.51,Software,1031,Raymond Williams,"72012 Johnson Station, Lindseyton, ME 43608",2056,Lopez PLC,"793 Matthew Unions Apt. 581, Simonfort, MH 35152",20,Weekend_High_Spend; ,6,,,4
50115,2023-05-09,2895.78,Services,1031,Raymond Williams,"72012 Johnson Station, Lindseyton, ME 43608",2058,"Brown, Klein and Sanders","84157 Myers Station, North Terri, WA 15013",0,,1,,,2
50344,2023-07-19,906.45,Supplies,1031,Raymond Williams,"72012 Johnson Station, Lindseyton, ME 43608",2058,"Brown, Klein and Sanders","84157 Myers Station, North Terri, WA 15013",10,Benford_9; ,2,2023-05-09,2895.78,9
50505,2023-06-22,1275.43,Supplies,1031,Raymond Williams,"72012 Johnson Station, Lindseyton, ME 43608",2059,Barnes-Miller,"3258 Price Meadows, West Rebeccamouth, AL 94613",0,,3,,,1
50114,2023-01-24,2384.79,Supplies,1031,Raymond Williams,"72012 Johnson Station, Lindseyton, ME 43608",2071,Hancock Group,"Unit 4711 Box 4944, DPO AP 20470",0,,1,,,2
50176,2023-04-26,2658.85,Software,1031,Raymond Williams,"72012 Johnson Station, Lindseyton, ME 43608",2072,Smith-Williams,"0200 Chris Hill Suite 452, Lake Michelleberg, PR 01384",0,,2,,,2
50421,2023-06-19,3363.94,Supplies,1031,Raymond Williams,"72012 Johnson Station, Lindseyton, ME 43608",2077,"Castaneda, Velasquez and Guerrero","USS Nichols, FPO AE 03449",0,,0,,,3
50446,2023-05-08,148.02,Supplies,1031,Raymond Williams,"72012 Johnson Station, Lindseyton, ME 43608",2088,"Alvarez, Osborne and Greene","1821 Anderson Haven Apt. 351, Jasonton, AR 97746",0,,0,,,1
50984,2023-04-26,2963.06,Services,1031,Raymond Williams,"72012 Johnson Station, Lindseyton, ME 43608",2093,Fisher Inc,"006 Austin Road, East Stevenhaven, MA 52384",0,,2,,,2
50193,2023-09-28,3110.46,Supplies,1032,Amanda Neal,"732 Joshua Springs Apt. 495, Lake Victor, DE 13659",2001,Mata Ltd,"85969 Amanda Drives Apt. 749, North Rachel, IL 61624",0,,3,,,3
50139,2023-09-30,1091.94,Travel,1032,Amanda Neal,"732 Joshua Springs Apt. 495, Lake Victor, DE 13659",2012,Walker Ltd,"9516 Melanie Dale Suite 907, East Brett, ID 69269",20,Weekend_High_Spend; ,5,,,1
50007,2023-07-22,2496.16,Services,1032,Amanda Neal,"732 Joshua Springs Apt. 495, Lake Victor, DE 13659",2021,Cole-Tyler,"90000 Bell Haven Suite 394, Lake Ginastad, MT 12092",20,Weekend_High_Spend; ,5,,,2
50694,2023-04-06,162.35,Travel,1032,Amanda Neal,"732 Joshua Springs Apt. 495, Lake Victor, DE 13659",2026,"Bernard, Peterson and Kelly","825 Gomez Causeway Suite 951, Brooksfurt, WI 77429",0,,3,,,1
50094,2023-07-26,508.29,Travel,1032,Amanda Neal,"732 Joshua Springs Apt. 495, Lake Victor, DE 13659",2026,"Bernard, Peterson and Kelly","825 Gomez Causeway Suite 951, Brooksfurt, WI 77429",0,,2,2023-04-06,162.35,5
50631,2023-05-23,4268.65,Software,1032,Amanda Neal,"732 Joshua Springs Apt. 495, Lake Victor, DE 13659",2042,"King, Hughes and Willis","8989 Campbell Flats, Timothyshire, DC 87804",0,,1,,,4
50512,2023-08-28,4197.88,Meals,1032,Amanda Neal,"732 Joshua Springs Apt. 495, Lake Victor, DE 13659",2043,Bowen Group,"167 Rebecca Road, Stevenberg, HI 76987",0,,0,,,4
50014,2023-01-31,1302.41,Services,1032,Amanda Neal,"732 Joshua Springs Apt. 495, Lake Victor, DE 13659",2065,"Simmons, Smith and Russell","8850 Reynolds Islands, North Brian, MS 79044",0,,1,,,1
50614,2023-10-21,2501.12,Supplies,1032,Amanda Neal,"732 Joshua Springs Apt. 495, Lake Victor, DE 13659",2077,"Castaneda, Velasquez and Guerrero","USS Nichols, FPO AE 03449",20,Weekend_High_Spend; ,5,,,2
50672,2023-07-03,3904.03,Services,1032,Amanda Neal,"732 Joshua Springs Apt. 495, Lake Victor, DE 13659",2081,Wright Ltd,"2363 Michael Mews Suite 085, New Davidview, CT 52565",0,,0,,,3
50086,2023-10-11,3794.38,Meals,1032,Amanda Neal,"732 Joshua Springs Apt. 495, Lake Victor, DE 13659",2082,"Hutchinson, Bruce and Martin","1694 Edward Squares, New Valerieland, MI 96897",0,,2,,,3
50100,2023-07-08,64.43,Meals,1032,Amanda Neal,"732 Joshua Springs Apt. 495, Lake Victor, DE 13659",2087,Jimenez PLC,"1545 Jacobs View Apt. 288, New Jimmyhaven, MD 72708",0,,5,,,6
50202,2023-12-01,3069.63,Services,1032,Amanda Neal,"732 Joshua Springs Apt. 495, Lake Victor, DE 13659",2099,"Cardenas, Martin and Richard","64483 Cook Spurs Suite 549, Karenmouth, VA 26266",40,,4,,,3
50202,2023-12-01,3069.63,Services,1032,Amanda Neal,"732 Joshua Springs Apt. 495, Lake Victor, DE 13659",2099,Shell Corp Services,"33581 Goodwin Islands, Lake Jeffreyshire, RI 15330",40,Split_Payment; ,4,2023-12-01,3069.63,3
50535,2023-05-18,3357.74,Meals,1033,Lee Ortiz,"77478 Avila Port Suite 086, Port Melanieborough, WV 49961",2008,"Miller, Mack and Watts","63754 Daniel Vista, Gloriamouth, PA 22198",0,,3,,,3
50592,2023-06-30,1854.96,Services,1033,Lee Ortiz,"77478 Avila Port Suite 086, Port Melanieborough, WV 49961",2011,Hernandez-Gomez,"189 Edwards Road Apt. 221, West Vickie, IL 82481",0,,4,,,1
50084,2023-02-21,2764.27,Services,1033,Lee Ortiz,"77478 Avila Port Suite 086, Port Melanieborough, WV 49961",2015,Perry and Sons,"945 Thomas Mountains Suite 203, Port James, PR 75150",0,,1,,,2
50276,2023-09-08,1241.37,Supplies,1033,Lee Ortiz,"77478 Avila Port Suite 086, Port Melanieborough, WV 49961",2022,Davis Group,"5546 Whitney Crossroad Suite 975, Lake Sandraport, SD 39784",0,,4,,,1
50952,2023-10-12,851.99,Travel,1033,Lee Ortiz,"77478 Avila Port Suite 086, Port Melanieborough, WV 49961",2022,Davis Group,"5546 Whitney Crossroad Suite 975, Lake Sandraport, SD 39784",0,,3,2023-09-08,1241.37,8
50103,2023-12-31,3534.03,Software,1033,Lee Ortiz,"77478 Avila Port Suite 086, Port Melanieborough, WV 49961",2029,Young-Johnson,"641 Johnathan Meadows Suite 624, Amandastad, ID 28435",20,Weekend_High_Spend; ,6,,,3
50740,2023-06-12,3692.64,Software,1033,Lee Ortiz,"77478 Avila Port Suite 086, Port Melanieborough, WV 49961",2030,Gomez PLC,"243 Melissa Street, East Carrie, CT 85247",0,,0,,,3
50206,2023-11-08,1036.49,Meals,1033,Lee Ortiz,"77478 Avila Port Suite 086, Port Melanieborough, WV 49961",2030,Gomez PLC,"243 Melissa Street, East Carrie, CT 85247",0,,2,2023-06-12,3692.64,1
50144,2023-11-17,1207.75,Services,1033,Lee Ortiz,"77478 Avila Port Suite 086, Port Melanieborough, WV 49961",2036,Mclaughlin Inc,"768 Ross Falls, Lake Michael, OK 46923",0,,4,,,1
50476,2023-11-23,3351.11,Travel,1033,Lee Ortiz,"77478 Avila Port Suite 086, Port Melanieborough, WV 49961",2040,"Pierce, Robinson and Munoz","8198 Goodman Squares, Scotthaven, TN 19541",0,,3,,,3
50567,2023-10-30,1836.56,Travel,1033,Lee Ortiz,"77478 Avila Port Suite 086, Port Melanieborough, WV 49961",2044,"Chaney, Flores and Williams","614 Michael Streets, Lake Richardside, CA 49620",0,,0,,,1
50798,2023-12-15,3088.72,Supplies,1033,Lee Ortiz,"77478 Avila Port Suite 086, Port Melanieborough, WV 49961",2044,"Chaney, Flores and Williams","614 Michael Streets, Lake Richardside, CA 49620",0,,4,2023-10-30,1836.56,3
50053,2023-05-18,3978.12,Supplies,1033,Lee Ortiz,"77478 Avila Port Suite 086, Port Melanieborough, WV 49961",2048,Roman Ltd,"4488 Crawford Throughway Suite 527, West Duane, AL 78606",0,,3,,,3
50204,2023-03-16,3360.98,Supplies,1033,Lee Ortiz,"77478 Avila Port Suite 086, Port Melanieborough, WV 49961",2049,Nguyen-Long,"9596 Pamela Courts Apt. 382, Thomashaven, PR 25929",0,,3,,,3
50332,2023-10-31,3127.22,Software,1033,Lee Ortiz,"77478 Avila Port Suite 086, Port Melanieborough, WV 49961",2049,Nguyen-Long,"9596 Pamela Courts Apt. 382, Thomashaven, PR 25929",0,,1,2023-03-16,3360.98,3
50560,2023-10-31,2225.05,Travel,1033,Lee Ortiz,"77478 Avila Port Suite 086, Port Melanieborough, WV 49961",2072,Smith-Williams,"0200 Chris Hill Suite 452, Lake Michelleberg, PR 01384",0,,1,,,2
50093,2023-05-03,2290.22,Services,1033,Lee Ortiz,"77478 Avila Port Suite 086, Port Melanieborough, WV 49961",2090,Davis Ltd,"53512 Sanchez Lodge, Thorntonmouth, KY 57110",0,,2,,,2
50169,2023-01-14,1127.73,Supplies,1033,Lee Ortiz,"77478 Avila Port Suite 086, Port Melanieborough, WV 49961",2099,"Cardenas, Martin and Richard","64483 Cook Spurs Suite 549, Karenmouth, VA 26266",60,Weekend_High_Spend; ,5,,,1
50169,2023-01-14,1127.73,Supplies,1033,Lee Ortiz,"77478 Avila Port Suite 086, Port Melanieborough, WV 49961",2099,Shell Corp Services,"33581 Goodwin Islands, Lake Jeffreyshire, RI 15330",60,Weekend_High_Spend; Split_Payment; ,5,2023-01-14,1127.73,1
50107,2023-08-26,253.81,Meals,1034,Heather Campbell,"520 Cooper Meadow Suite 576, Lake Robertmouth, RI 00749",2004,"Garcia, Robles and Mitchell","256 Jennifer Expressway, Paulburgh, TN 06283",0,,5,,,2
50669,2023-08-22,397.99,Meals,1034,Heather Campbell,"520 Cooper Meadow Suite 576, Lake Robertmouth, RI 00749",2008,"Miller, Mack and Watts","63754 Daniel Vista, Gloriamouth, PA 22198",0,,1,,,3
50024,2023-09-13,3397.11,Services,1034,Heather Campbell,"520 Cooper Meadow Suite 576, Lake Robertmouth, RI 00749",2013,Brown Inc,"2287 Laurie Avenue Suite 359, North Mariafurt, AL 87186",0,,2,,,3
50876,2023-01-24,2084.87,Meals,1034,Heather Campbell,"520 Cooper Meadow Suite 576, Lake Robertmouth, RI 00749",2017,"Brock, Vargas and Price","46731 Michael Mount, Andrewbury, AK 42223",0,,1,,,2
50211,2023-10-16,1973.2,Travel,1034,Heather Campbell,"520 Cooper Meadow Suite 576, Lake Robertmouth, RI 00749",2019,Hughes-Campbell,"74355 Khan View Apt. 395, Maryville, CT 57298",0,,0,,,1
50830,2023-09-25,971.95,Meals,1034,Heather Campbell,"520 Cooper Meadow Suite 576, Lake Robertmouth, RI 00749",2021,Cole-Tyler,"90000 Bell Haven Suite 394, Lake Ginastad, MT 12092",10,Benford_9; ,0,,,9
50606,2023-05-17,4274.31,Travel,1034,Heather Campbell,"520 Cooper Meadow Suite 576, Lake Robertmouth, RI 00749",2030,Gomez PLC,"243 Melissa Street, East Carrie, CT 85247",0,,2,,,4
50004,2023-02-19,3406.31,Services,1034,Heather Campbell,"520 Cooper Meadow Suite 576, Lake Robertmouth, RI 00749",2032,Gallagher-Solis,"79701 Howard Port, East Marcfort, PW 11913",20,Weekend_High_Spend; ,6,,,3
50800,2023-09-02,1449.06,Travel,1034,Heather Campbell,"520 Cooper Meadow Suite 576, Lake Robertmouth, RI 00749",2040,"Pierce, Robinson and Munoz","8198 Goodman Squares, Scotthaven, TN 19541",20,Weekend_High_Spend; ,5,,,1
50919,2023-09-09,1729.49,Supplies,1034,Heather Campbell,"520 Cooper Meadow Suite 576, Lake Robertmouth, RI 00749",2048,Roman Ltd,"4488 Crawford Throughway Suite 527, West Duane, AL 78606",20,Weekend_High_Spend; ,5,,,1
50185,2023-04-09,1385.71,Supplies,1034,Heather Campbell,"520 Cooper Meadow Suite 576, Lake Robertmouth, RI 00749",2055,Boyd Group,"Unit 9659 Box 0767, DPO AE 92178",20,Weekend_High_Spend; ,6,,,1
50109,2023-03-03,2713.78,Meals,1034,Heather Campbell,"520 Cooper Meadow Suite 576, Lake Robertmouth, RI 00749",2071,Hancock Group,"Unit 4711 Box 4944, DPO AP 20470",0,,4,,,2
50277,2023-05-21,3257.2,Travel,1034,Heather Campbell,"520 Cooper Meadow Suite 576, Lake Robertmouth, RI 00749",2072,Smith-Williams,"0200 Chris Hill Suite 452, Lake Michelleberg, PR 01384",20,Weekend_High_Spend; ,6,,,3
50585,2023-02-07,2834.82,Travel,1034,Heather Campbell,"520 Cooper Meadow Suite 576, Lake Robertmouth, RI 00749",2073,"Wilson, Solis and Russell","1349 Vargas Islands Suite 069, Larryfurt, IA 45177",0,,1,,,2
50902,2023-04-11,3053.45,Services,1034,Heather Campbell,"520 Cooper Meadow Suite 576, Lake Robertmouth, RI 00749",2073,"Wilson, Solis and Russell","1349 Vargas Islands Suite 069, Larryfurt, IA 45177",0,,1,2023-02-07,2834.82,3
50693,2023-11-19,2009.22,Meals,1034,Heather Campbell,"520 Cooper Meadow Suite 576, Lake Robertmouth, RI 00749",2075,Bullock-Foster,"07700 Eric Islands Suite 812, Keithland, NH 72796",20,Weekend_High_Spend; ,6,,,2
50349,2023-07-25,757.57,Travel,1034,Heather Campbell,"520 Cooper Meadow Suite 576, Lake Robertmouth, RI 00749",2082,"Hutchinson, Bruce and Martin","1694 Edward Squares, New Valerieland, MI 96897",0,,1,,,7
50106,2023-08-26,3750.05,Software,1034,Heather Campbell,"520 Cooper Meadow Suite 576, Lake Robertmouth, RI 00749",2086,"Fernandez, Hoffman and Parker","829 Gonzales Meadows Apt. 650, Peterport, HI 58928",20,Weekend_High_Spend; ,5,,,3
50069,2023-04-04,4151.4,Services,1034,Heather Campbell,"520 Cooper Meadow Suite 576, Lake Robertmouth, RI 00749",2087,Jimenez PLC,"1545 Jacobs View Apt. 288, New Jimmyhaven, MD 72708",0,,1,,,4
50957,2023-06-08,3584.41,Meals,1034,Heather Campbell,"520 Cooper Meadow Suite 576, Lake Robertmouth, RI 00749",2093,Fisher Inc,"006 Austin Road, East Stevenhaven, MA 52384",0,,3,,,3
50105,2023-08-26,426.75,Meals,1034,Heather Campbell,"520 Cooper Meadow Suite 576, Lake Robertmouth, RI 00749",2098,Ferrell PLC,"52650 Moore Mountain, East Michael, NJ 27268",0,,5,,,4
50538,2023-10-14,1491.49,Travel,1034,Heather Campbell,"520 Cooper Meadow Suite 576, Lake Robertmouth, RI 00749",2099,"Cardenas, Martin and Richard","64483 Cook Spurs Suite 549, Karenmouth, VA 26266",60,Weekend_High_Spend; ,5,,,1
50538,2023-10-14,1491.49,Travel,1034,Heather Campbell,"520 Cooper Meadow Suite 576, Lake Robertmouth, RI 00749",2099,Shell Corp Services,"33581 Goodwin Islands, Lake Jeffreyshire, RI 15330",60,Weekend_High_Spend; Split_Payment; ,5,2023-10-14,1491.49,1
50738,2023-04-04,4495.63,Meals,1035,Belinda Carrillo,"USCGC Sharp, FPO AP 81758",2003,Lee LLC,"9410 Blair Terrace, New Elizabeth, LA 11296",0,,1,,,4
50358,2023-05-06,2494.54,Supplies,1035,Belinda Carrillo,"USCGC Sharp, FPO AP 81758",2003,Lee LLC,"9410 Blair Terrace, New Elizabeth, LA 11296",20,Weekend_High_Spend; ,5,2023-04-04,4495.63,2
50883,2023-07-17,1760.25,Meals,1035,Belinda Carrillo,"USCGC Sharp, FPO AP 81758",2008,"Miller, Mack and Watts","63754 Daniel Vista, Gloriamouth, PA 22198",0,,0,,,1
50548,2023-10-02,872.96,Supplies,1035,Belinda Carrillo,"USCGC Sharp, FPO AP 81758",2008,"Miller, Mack and Watts","63754 Daniel Vista, Gloriamouth, PA 22198",0,,0,2023-07-17,1760.25,8
50717,2023-05-06,3274.43,Travel,1035,Belinda Carrillo,"USCGC Sharp, FPO AP 81758",2012,Walker Ltd,"9516 Melanie Dale Suite 907, East Brett, ID 69269",20,Weekend_High_Spend; ,5,,,3
50531,2023-06-29,2932.05,Services,1035,Belinda Carrillo,"USCGC Sharp, FPO AP 81758",2013,Brown Inc,"2287 Laurie Avenue Suite 359, North Mariafurt, AL 87186",0,,3,,,2
50532,2023-05-31,4433.7,Travel,1035,Belinda Carrillo,"USCGC Sharp, FPO AP 81758",2026,"Bernard, Peterson and Kelly","825 Gomez Causeway Suite 951, Brooksfurt, WI 77429",0,,2,,,4
50171,2023-02-25,4455.56,Software,1035,Belinda Carrillo,"USCGC Sharp, FPO AP 81758",2031,Romero PLC,"4272 Ross Groves, Lake Kimberly, WY 78760",20,Weekend_High_Spend; ,5,,,4
50457,2023-03-16,2002.87,Services,1035,Belinda Carrillo,"USCGC Sharp, FPO AP 81758",2039,"Williams, Aguilar and Warren","973 Scott Valley, Joelstad, KY 43393",0,,3,,,2
50013,2023-10-14,499.3,Software,1035,Belinda Carrillo,"USCGC Sharp, FPO AP 81758",2052,"Levy, Owens and Greer","08044 Keith Loaf, North Robin, TN 23040",0,,5,,,4
50015,2023-05-01,2432.95,Software,1035,Belinda Carrillo,"USCGC Sharp, FPO AP 81758",2053,Meyer-Rodgers,"3889 Andrews Union Suite 550, Donaldsontown, GU 50691",0,,0,,,2
50573,2023-10-19,3979.91,Travel,1035,Belinda Carrillo,"USCGC Sharp, FPO AP 81758",2054,Brown LLC,"94144 Smith Courts, Houstonberg, NC 14515",0,,3,,,3
50303,2023-04-05,1577.99,Supplies,1035,Belinda Carrillo,"USCGC Sharp, FPO AP 81758",2055,Boyd Group,"Unit 9659 Box 0767, DPO AE 92178",0,,2,,,1
50424,2023-09-15,807.5,Meals,1035,Belinda Carrillo,"USCGC Sharp, FPO AP 81758",2060,Rogers-Glover,"928 Armstrong Center Apt. 864, Susanton, MO 30175",0,,4,,,8
50575,2023-12-11,1648.81,Meals,1035,Belinda Carrillo,"USCGC Sharp, FPO AP 81758",2067,Wilson-Sanders,"97308 Silva Tunnel, Patelland, ND 31594",0,,0,,,1
50724,2023-01-26,206.45,Travel,1035,Belinda Carrillo,"USCGC Sharp, FPO AP 81758",2070,"Nelson, Smith and Golden","9814 Robert Groves, East Johnmouth, MI 38711",0,,3,,,2
50758,2023-06-22,4070.47,Meals,1035,Belinda Carrillo,"USCGC Sharp, FPO AP 81758",2070,"Nelson, Smith and Golden","9814 Robert Groves, East Johnmouth, MI 38711",0,,3,2023-01-26,206.45,4
50046,2023-07-03,2903.79,Supplies,1035,Belinda Carrillo,"USCGC Sharp, FPO AP 81758",2074,Duncan Ltd,"PSC 4254, Box 1412, APO AP 24976",0,,0,,,2
50154,2023-08-15,3379.38,Supplies,1035,Belinda Carrillo,"USCGC Sharp, FPO AP 81758",2075,Bullock-Foster,"07700 Eric Islands Suite 812, Keithland, NH 72796",0,,1,,,3
50351,2023-01-23,739.06,Supplies,1035,Belinda Carrillo,"USCGC Sharp, FPO AP 81758",2080,Hahn and Sons,"27155 Charles Valley, Kellyside, CT 31934",0,,0,,,7
50840,2023-01-11,55.38,Software,1035,Belinda Carrillo,"USCGC Sharp, FPO AP 81758",2081,Wright Ltd,"2363 Michael Mews Suite 085, New Davidview, CT 52565",0,,2,,,5
50562,2023-11-27,2071.94,Travel,1035,Belinda Carrillo,"USCGC Sharp, FPO AP 81758",2081,Wright Ltd,"2363 Michael Mews Suite 085, New Davidview, CT 52565",0,,0,2023-01-11,55.38,2
50539,2023-01-19,3827.26,Software,1035,Belinda Carrillo,"USCGC Sharp, FPO AP 81758",2089,"Leach, Jacobs and Pena","84218 Danielle Underpass Apt. 222, New Sandra, OH 92273",0,,3,,,3
50554,2023-08-17,1344.7,Supplies,1035,Belinda Carrillo,"USCGC Sharp, FPO AP 81758",2099,"Cardenas, Martin and Richard","64483 Cook Spurs Suite 549, Karenmouth, VA 26266",40,,3,,,1
50554,2023-08-17,1344.7,Supplies,1035,Belinda Carrillo,"USCGC Sharp, FPO AP 81758",2099,Shell Corp Services,"33581 Goodwin Islands, Lake Jeffreyshire, RI 15330",40,Split_Payment; ,3,2023-08-17,1344.7,1
50613,2023-05-21,1506.24,Meals,1036,Erica Bautista,"USCGC Jones, FPO AA 85308",2003,Lee LLC,"9410 Blair Terrace, New Elizabeth, LA 11296",20,Weekend_High_Spend; ,6,,,1
50537,2023-02-09,1176.49,Meals,1036,Erica Bautista,"USCGC Jones, FPO AA 85308",2011,Hernandez-Gomez,"189 Edwards Road Apt. 221, West Vickie, IL 82481",0,,3,,,1
50611,2023-01-21,3639.7,Services,1036,Erica Bautista,"USCGC Jones, FPO AA 85308",2012,Walker Ltd,"9516 Melanie Dale Suite 907, East Brett, ID 69269",20,Weekend_High_Spend; ,5,,,3
50904,2023-05-11,4396.86,Software,1036,Erica Bautista,"USCGC Jones, FPO AA 85308",2021,Cole-Tyler,"90000 Bell Haven Suite 394, Lake Ginastad, MT 12092",0,,3,,,4
50438,2023-01-29,2208.89,Software,1036,Erica Bautista,"USCGC Jones, FPO AA 85308",2024,Anderson-Hudson,"29590 Boyle Points Apt. 885, North Nancy, MA 36595",20,Weekend_High_Spend; ,6,,,2
50147,2023-02-28,654.5,Software,1036,Erica Bautista,"USCGC Jones, FPO AA 85308",2024,Anderson-Hudson,"29590 Boyle Points Apt. 885, North Nancy, MA 36595",0,,1,2023-01-29,2208.89,6
50393,2023-05-29,3774.7,Travel,1036,Erica Bautista,"USCGC Jones, FPO AA 85308",2029,Young-Johnson,"641 Johnathan Meadows Suite 624, Amandastad, ID 28435",0,,0,,,3
50995,2023-05-05,1539.4,Travel,1036,Erica Bautista,"USCGC Jones, FPO AA 85308",2031,Romero PLC,"4272 Ross Groves, Lake Kimberly, WY 78760",0,,4,,,1
50177,2023-08-18,3619.5,Meals,1036,Erica Bautista,"USCGC Jones, FPO AA 85308",2033,Garza-Sims,"579 Adam Landing, West Christineville, MN 75056",0,,4,,,3
50937,2023-01-02,1752.58,Services,1036,Erica Bautista,"USCGC Jones, FPO AA 85308",2039,"Williams, Aguilar and Warren","973 Scott Valley, Joelstad, KY 43393",0,,0,,,1
50945,2023-10-07,2882.56,Travel,1036,Erica Bautista,"USCGC Jones, FPO AA 85308",2045,Parker Group,"6826 Jennifer Drives, Robinton, AZ 71490",20,Weekend_High_Spend; ,5,,,2
50881,2023-05-11,1330.48,Travel,1036,Erica Bautista,"USCGC Jones, FPO AA 85308",2051,"Thompson, Curry and Oneill","Unit 2316 Box 3994, DPO AE 15152",0,,3,,,1
50249,2023-11-29,887.19,Supplies,1036,Erica Bautista,"USCGC Jones, FPO AA 85308",2058,"Brown, Klein and Sanders","84157 Myers Station, North Terri, WA 15013",0,,2,,,8
50310,2023-07-19,2556.81,Software,1036,Erica Bautista,"USCGC Jones, FPO AA 85308",2071,Hancock Group,"Unit 4711 Box 4944, DPO AP 20470",0,,2,,,2
50365,2023-05-01,176.74,Travel,1036,Erica Bautista,"USCGC Jones, FPO AA 85308",2073,"Wilson, Solis and Russell","1349 Vargas Islands Suite 069, Larryfurt, IA 45177",0,,0,,,1
50489,2023-11-26,3982.72,Services,1036,Erica Bautista,"USCGC Jones, FPO AA 85308",2073,"Wilson, Solis and Russell","1349 Vargas Islands Suite 069, Larryfurt, IA 45177",20,Weekend_High_Spend; ,6,2023-05-01,176.74,3
50153,2023-09-05,1962.56,Meals,1036,Erica Bautista,"USCGC Jones, FPO AA 85308",2078,"Burns, Martinez and Fitzpatrick","8591 Martin Mews Suite 824, Darleneview, PW 38688",0,,1,,,1
50807,2023-01-31,2932.18,Meals,1036,Erica Bautista,"USCGC Jones, FPO AA 85308",2084,Rasmussen-Hernandez,"94613 Charles Wall, Keithport, NY 43480",0,,1,,,2
50988,2023-12-23,4491.43,Travel,1036,Erica Bautista,"USCGC Jones, FPO AA 85308",2085,Burns-Allen,"275 Frances Shoal Apt. 795, Lake Caitlin, FM 60724",20,Weekend_High_Spend; ,5,,,4
50663,2023-12-25,3060.21,Services,1036,Erica Bautista,"USCGC Jones, FPO AA 85308",2087,Jimenez PLC,"1545 Jacobs View Apt. 288, New Jimmyhaven, MD 72708",0,,0,,,3
50212,2023-09-29,4483.93,Travel,1036,Erica Bautista,"USCGC Jones, FPO AA 85308",2088,"Alvarez, Osborne and Greene","1821 Anderson Haven Apt. 351, Jasonton, AR 97746",0,,4,,,4
50593,2023-06-27,1690.55,Supplies,1036,Erica Bautista,"USCGC Jones, FPO AA 85308",2089,"Leach, Jacobs and Pena","84218 Danielle Underpass Apt. 222, New Sandra, OH 92273",0,,1,,,1
50467,2023-07-15,4404.51,Travel,1036,Erica Bautista,"USCGC Jones, FPO AA 85308",2094,Rivera PLC,"2364 Montoya Spurs, Josephshire, MS 22913",20,Weekend_High_Spend; ,5,,,4
50559,2023-07-10,3448.68,Services,1037,Christine Gomez,"6273 Scott Pike Apt. 914, Wendyhaven, ME 56008",2001,Mata Ltd,"85969 Amanda Drives Apt. 749, North Rachel, IL 61624",0,,0,,,3
50428,2023-04-30,2149.06,Supplies,1037,Christine Gomez,"6273 Scott Pike Apt. 914, Wendyhaven, ME 56008",2002,Brown LLC,"PSC 8735, Box 0598, APO AP 53357",20,Weekend_High_Spend; ,6,,,2
50989,2023-12-19,616.81,Supplies,1037,Christine Gomez,"6273 Scott Pike Apt. 914, Wendyhaven, ME 56008",2004,"Garcia, Robles and Mitchell","256 Jennifer Expressway, Paulburgh, TN 06283",0,,1,,,6
50852,2023-11-03,269.67,Supplies,1037,Christine Gomez,"6273 Scott Pike Apt. 914, Wendyhaven, ME 56008",2016,Harper-Sanders,"2602 Schmidt Land, Port Curtistown, ID 07786",0,,4,,,2
50370,2023-05-28,2483.41,Travel,1037,Christine Gomez,"6273 Scott Pike Apt. 914, Wendyhaven, ME 56008",2020,"Hicks, Russell and Kelly","160 Daniel Motorway Suite 593, Port Mark, PR 45282",20,Weekend_High_Spend; ,6,,,2
50350,2023-07-07,725.94,Travel,1037,Christine Gomez,"6273 Scott Pike Apt. 914, Wendyhaven, ME 56008",2020,"Hicks, Russell and Kelly","160 Daniel Motorway Suite 593, Port Mark, PR 45282",0,,4,2023-05-28,2483.41,7
50392,2023-03-19,2067.0,Travel,1037,Christine Gomez,"6273 Scott Pike Apt. 914, Wendyhaven, ME 56008",2022,Davis Group,"5546 Whitney Crossroad Suite 975, Lake Sandraport, SD 39784",20,Weekend_High_Spend; ,6,,,2
50556,2023-07-24,2005.26,Supplies,1037,Christine Gomez,"6273 Scott Pike Apt. 914, Wendyhaven, ME 56008",2034,Riley Group,"1494 Porter Views, Danielhaven, DC 99204",0,,0,,,2
50677,2023-03-16,390.95,Software,1037,Christine Gomez,"6273 Scott Pike Apt. 914, Wendyhaven, ME 56008",2036,Mclaughlin Inc,"768 Ross Falls, Lake Michael, OK 46923",0,,3,,,3
50680,2023-01-31,2808.3,Meals,1037,Christine Gomez,"6273 Scott Pike Apt. 914, Wendyhaven, ME 56008",2041,Lane LLC,"07991 Amber Expressway Apt. 800, Collinsstad, DC 89717",0,,1,,,2
50070,2023-09-26,2614.28,Supplies,1037,Christine Gomez,"6273 Scott Pike Apt. 914, Wendyhaven, ME 56008",2057,Taylor LLC,"36878 Cardenas Street Apt. 375, Haleburgh, OR 04364",0,,1,,,2
50520,2023-11-27,3038.45,Meals,1037,Christine Gomez,"6273 Scott Pike Apt. 914, Wendyhaven, ME 56008",2062,"Burns, Hoffman and Thompson","9174 Martin Alley, Jonathanfurt, NM 53052",0,,0,,,3
50596,2023-07-15,2568.14,Travel,1037,Christine Gomez,"6273 Scott Pike Apt. 914, Wendyhaven, ME 56008",2068,"Mills, Beck and Powers","PSC 3696, Box 5586, APO AE 69021",20,Weekend_High_Spend; ,5,,,2
50116,2023-04-22,641.34,Services,1037,Christine Gomez,"6273 Scott Pike Apt. 914, Wendyhaven, ME 56008",2071,Hancock Group,"Unit 4711 Box 4944, DPO AP 20470",20,Weekend_High_Spend; ,5,,,6
50534,2023-06-05,573.85,Travel,1037,Christine Gomez,"6273 Scott Pike Apt. 914, Wendyhaven, ME 56008",2077,"Castaneda, Velasquez and Guerrero","USS Nichols, FPO AE 03449",0,,0,,,5
50513,2023-07-27,1004.22,Services,1037,Christine Gomez,"6273 Scott Pike Apt. 914, Wendyhaven, ME 56008",2079,"Gonzalez, Howard and Ramirez","49356 Miller Union, New Larry, AL 63821",0,,3,,,1
50061,2023-12-15,3151.5,Supplies,1037,Christine Gomez,"6273 Scott Pike Apt. 914, Wendyhaven, ME 56008",2092,Cox and Sons,"5719 Brown Causeway Suite 900, North Michellestad, NY 17487",0,,4,,,3
50188,2023-01-08,603.84,Supplies,1038,Scott Garcia,"36862 Villanueva Cove, Melvinfort, LA 23352",2006,Barnett-Chavez,"4505 Doyle Glen Apt. 833, Shannonland, PW 39773",20,Weekend_High_Spend; ,6,,,6
50580,2023-11-01,595.67,Supplies,1038,Scott Garcia,"36862 Villanueva Cove, Melvinfort, LA 23352",2008,"Miller, Mack and Watts","63754 Daniel Vista, Gloriamouth, PA 22198",0,,2,,,5
50347,2023-07-10,3431.95,Services,1038,Scott Garcia,"36862 Villanueva Cove, Melvinfort, LA 23352",2012,Walker Ltd,"9516 Melanie Dale Suite 907, East Brett, ID 69269",0,,0,,,3
50155,2023-04-11,933.79,Meals,1038,Scott Garcia,"36862 Villanueva Cove, Melvinfort, LA 23352",2022,Davis Group,"5546 Whitney Crossroad Suite 975, Lake Sandraport, SD 39784",10,Benford_9; ,1,,,9
50197,2023-12-17,233.22,Services,1038,Scott Garcia,"36862 Villanueva Cove, Melvinfort, LA 23352",2024,Anderson-Hudson,"29590 Boyle Points Apt. 885, North Nancy, MA 36595",0,,6,,,2
50335,2023-01-13,943.64,Travel,1038,Scott Garcia,"36862 Villanueva Cove, Melvinfort, LA 23352",2027,"Hodges, Stevens and Ray","93174 Wells Trace, Lake Charles, MN 40537",10,Benford_9; ,4,,,9
50753,2023-08-03,3209.77,Software,1038,Scott Garcia,"36862 Villanueva Cove, Melvinfort, LA 23352",2035,Wheeler-Hale,"8737 Page Stream, North Elizabeth, CA 82526",0,,3,,,3
50294,2023-05-07,619.72,Supplies,1038,Scott Garcia,"36862 Villanueva Cove, Melvinfort, LA 23352",2062,"Burns, Hoffman and Thompson","9174 Martin Alley, Jonathanfurt, NM 53052",20,Weekend_High_Spend; ,6,,,6
50650,2023-05-21,2267.86,Supplies,1038,Scott Garcia,"36862 Villanueva Cove, Melvinfort, LA 23352",2062,"Burns, Hoffman and Thompson","9174 Martin Alley, Jonathanfurt, NM 53052",20,Weekend_High_Spend; ,6,2023-05-07,619.72,2
50473,2023-05-13,3565.36,Services,1038,Scott Garcia,"36862 Villanueva Cove, Melvinfort, LA 23352",2065,"Simmons, Smith and Russell","8850 Reynolds Islands, North Brian, MS 79044",20,Weekend_High_Spend; ,5,,,3
50656,2023-12-25,4354.27,Meals,1038,Scott Garcia,"36862 Villanueva Cove, Melvinfort, LA 23352",2074,Duncan Ltd,"PSC 4254, Box 1412, APO AP 24976",0,,0,,,4
50283,2023-04-05,3879.48,Services,1038,Scott Garcia,"36862 Villanueva Cove, Melvinfort, LA 23352",2078,"Burns, Martinez and Fitzpatrick","8591 Martin Mews Suite 824, Darleneview, PW 38688",0,,2,,,3
50638,2023-10-27,1111.56,Travel,1038,Scott Garcia,"36862 Villanueva Cove, Melvinfort, LA 23352",2087,Jimenez PLC,"1545 Jacobs View Apt. 288, New Jimmyhaven, MD 72708",0,,4,,,1
50090,2023-02-09,1639.88,Travel,1038,Scott Garcia,"36862 Villanueva Cove, Melvinfort, LA 23352",2091,"Krause, Flynn and Foster","USNS Williamson, FPO AE 45018",0,,3,,,1
50504,2023-04-04,396.16,Travel,1038,Scott Garcia,"36862 Villanueva Cove, Melvinfort, LA 23352",2095,"Holmes, Harrison and Brooks","18293 Autumn Extension, Garzaton, AZ 05000",0,,1,,,3
50778,2023-04-01,3054.87,Services,1038,Scott Garcia,"36862 Villanueva Cove, Melvinfort, LA 23352",2099,"Cardenas, Martin and Richard","64483 Cook Spurs Suite 549, Karenmouth, VA 26266",60,Weekend_High_Spend; ,5,,,3
50778,2023-04-01,3054.87,Services,1038,Scott Garcia,"36862 Villanueva Cove, Melvinfort, LA 23352",2099,Shell Corp Services,"33581 Goodwin Islands, Lake Jeffreyshire, RI 15330",60,Weekend_High_Spend; Split_Payment; ,5,2023-04-01,3054.87,3
50754,2023-06-28,4092.98,Services,1039,Anne Wagner,"900 Nicholas Street Apt. 335, Johnsonstad, NJ 88823",2001,Mata Ltd,"85969 Amanda Drives Apt. 749, North Rachel, IL 61624",0,,2,,,4
50938,2023-12-05,3352.24,Travel,1039,Anne Wagner,"900 Nicholas Street Apt. 335, Johnsonstad, NJ 88823",2002,Brown LLC,"PSC 8735, Box 0598, APO AP 53357",0,,1,,,3
50704,2023-11-22,3970.2,Services,1039,Anne Wagner,"900 Nicholas Street Apt. 335, Johnsonstad, NJ 88823",2014,"Logan, Bradley and Rodriguez","574 Hart Isle Suite 302, Marvinhaven, TN 51787",0,,2,,,3
50377,2023-08-21,2330.16,Meals,1039,Anne Wagner,"900 Nicholas Street Apt. 335, Johnsonstad, NJ 88823",2021,Cole-Tyler,"90000 Bell Haven Suite 394, Lake Ginastad, MT 12092",0,,0,,,2
50992,2023-12-25,1784.33,Supplies,1039,Anne Wagner,"900 Nicholas Street Apt. 335, Johnsonstad, NJ 88823",2021,Cole-Tyler,"90000 Bell Haven Suite 394, Lake Ginastad, MT 12092",0,,0,2023-08-21,2330.16,1
50311,2023-05-04,589.14,Software,1039,Anne Wagner,"900 Nicholas Street Apt. 335, Johnsonstad, NJ 88823",2022,Davis Group,"5546 Whitney Crossroad Suite 975, Lake Sandraport, SD 39784",0,,3,,,5
50118,2023-08-09,767.99,Supplies,1039,Anne Wagner,"900 Nicholas Street Apt. 335, Johnsonstad, NJ 88823",2025,"Carey, Torres and Martinez","181 Mackenzie Parkways, Port Martinton, MS 53531",0,,2,,,7
50411,2023-11-25,3635.53,Supplies,1039,Anne Wagner,"900 Nicholas Street Apt. 335, Johnsonstad, NJ 88823",2026,"Bernard, Peterson and Kelly","825 Gomez Causeway Suite 951, Brooksfurt, WI 77429",20,Weekend_High_Spend; ,5,,,3
50709,2023-06-11,2367.13,Meals,1039,Anne Wagner,"900 Nicholas Street Apt. 335, Johnsonstad, NJ 88823",2034,Riley Group,"1494 Porter Views, Danielhaven, DC 99204",20,Weekend_High_Spend; ,6,,,2
50240,2023-06-26,2646.38,Meals,1039,Anne Wagner,"900 Nicholas Street Apt. 335, Johnsonstad, NJ 88823",2043,Bowen Group,"167 Rebecca Road, Stevenberg, HI 76987",0,,0,,,2
50549,2023-02-10,3835.72,Supplies,1039,Anne Wagner,"900 Nicholas Street Apt. 335, Johnsonstad, NJ 88823",2046,"Coffey, Ross and Johnson","Unit 5717 Box 9802, DPO AP 26669",0,,4,,,3
50755,2023-04-27,744.29,Services,1039,Anne Wagner,"900 Nicholas Street Apt. 335, Johnsonstad, NJ 88823",2048,Roman Ltd,"4488 Crawford Throughway Suite 527, West Duane, AL 78606",0,,3,,,7
50850,2023-06-04,1288.56,Supplies,1039,Anne Wagner,"900 Nicholas Street Apt. 335, Johnsonstad, NJ 88823",2053,Meyer-Rodgers,"3889 Andrews Union Suite 550, Donaldsontown, GU 50691",20,Weekend_High_Spend; ,6,,,1
50684,2023-03-01,1077.73,Software,1039,Anne Wagner,"900 Nicholas Street Apt. 335, Johnsonstad, NJ 88823",2054,Brown LLC,"94144 Smith Courts, Houstonberg, NC 14515",0,,2,,,1
50854,2023-01-17,52.76,Supplies,1039,Anne Wagner,"900 Nicholas Street Apt. 335, Johnsonstad, NJ 88823",2056,Lopez PLC,"793 Matthew Unions Apt. 581, Simonfort, MH 35152",0,,1,,,5
50794,2023-10-20,2889.67,Meals,1039,Anne Wagner,"900 Nicholas Street Apt. 335, Johnsonstad, NJ 88823",2057,Taylor LLC,"36878 Cardenas Street Apt. 375, Haleburgh, OR 04364",0,,4,,,2
50221,2023-11-15,58.43,Travel,1039,Anne Wagner,"900 Nicholas Street Apt. 335, Johnsonstad, NJ 88823",2062,"Burns, Hoffman and Thompson","9174 Martin Alley, Jonathanfurt, NM 53052",0,,2,,,5
50199,2023-12-22,956.63,Meals,1039,Anne Wagner,"900 Nicholas Street Apt. 335, Johnsonstad, NJ 88823",2065,"Simmons, Smith and Russell","8850 Reynolds Islands, North Brian, MS 79044",10,Benford_9; ,4,,,9
50708,2023-12-04,815.23,Software,1039,Anne Wagner,"900 Nicholas Street Apt. 335, Johnsonstad, NJ 88823",2075,Bullock-Foster,"07700 Eric Islands Suite 812, Keithland, NH 72796",0,,0,,,8
50141,2023-02-02,1068.36,Software,1039,Anne Wagner,"900 Nicholas Street Apt. 335, Johnsonstad, NJ 88823",2076,Cruz-Vasquez,"27673 Glenn Gardens, Paulstad, CO 89213",0,,3,,,1
50378,2023-05-28,408.09,Software,1039,Anne Wagner,"900 Nicholas Street Apt. 335, Johnsonstad, NJ 88823",2080,Hahn and Sons,"27155 Charles Valley, Kellyside, CT 31934",0,,6,,,4
50255,2023-12-04,3717.14,Supplies,1039,Anne Wagner,"900 Nicholas Street Apt. 335, Johnsonstad, NJ 88823",2086,"Fernandez, Hoffman and Parker","829 Gonzales Meadows Apt. 650, Peterport, HI 58928",0,,0,,,3
50813,2023-10-22,2841.38,Software,1039,Anne Wagner,"900 Nicholas Street Apt. 335, Johnsonstad, NJ 88823",2088,"Alvarez, Osborne and Greene","1821 Anderson Haven Apt. 351, Jasonton, AR 97746",20,Weekend_High_Spend; ,6,,,2
50595,2023-03-24,1953.65,Travel,1039,Anne Wagner,"900 Nicholas Street Apt. 335, Johnsonstad, NJ 88823",2089,"Leach, Jacobs and Pena","84218 Danielle Underpass Apt. 222, New Sandra, OH 92273",0,,4,,,1
50805,2023-12-12,122.71,Services,1039,Anne Wagner,"900 Nicholas Street Apt. 335, Johnsonstad, NJ 88823",2091,"Krause, Flynn and Foster","USNS Williamson, FPO AE 45018",0,,1,,,1
50198,2023-11-24,3509.82,Supplies,1039,Anne Wagner,"900 Nicholas Street Apt. 335, Johnsonstad, NJ 88823",2097,"Stone, Johnson and Rodriguez","69365 Anderson Track, Matthewmouth, KY 54932",0,,4,,,3
50102,2023-03-18,3336.97,Software,1040,Matthew Henson,"4120 Mary Skyway, Port Paul, MO 60762",2012,Walker Ltd,"9516 Melanie Dale Suite 907, East Brett, ID 69269",20,Weekend_High_Spend; ,5,,,3
50664,2023-03-31,1074.22,Meals,1040,Matthew Henson,"4120 Mary Skyway, Port Paul, MO 60762",2013,Brown Inc,"2287 Laurie Avenue Suite 359, North Mariafurt, AL 87186",0,,4,,,1
50788,2023-12-26,1093.07,Software,1040,Matthew Henson,"4120 Mary Skyway, Port Paul, MO 60762",2023,Fernandez Group,"55318 John Inlet, New Stephanieview, PW 23645",0,,1,,,1
50337,2023-11-24,544.12,Services,1040,Matthew Henson,"4120 Mary Skyway, Port Paul, MO 60762",2025,"Carey, Torres and Martinez","181 Mackenzie Parkways, Port Martinton, MS 53531",0,,4,,,5
50997,2023-07-26,2076.51,Meals,1040,Matthew Henson,"4120 Mary Skyway, Port Paul, MO 60762",2036,Mclaughlin Inc,"768 Ross Falls, Lake Michael, OK 46923",0,,2,,,2
50486,2023-10-10,614.48,Services,1040,Matthew Henson,"4120 Mary Skyway, Port Paul, MO 60762",2036,Mclaughlin Inc,"768 Ross Falls, Lake Michael, OK 46923",0,,1,2023-07-26,2076.51,6
50826,2023-12-15,2378.0,Meals,1040,Matthew Henson,"4120 Mary Skyway, Port Paul, MO 60762",2036,Mclaughlin Inc,"768 Ross Falls, Lake Michael, OK 46923",0,,4,2023-10-10,614.48,2
50922,2023-06-18,239.86,Services,1040,Matthew Henson,"4120 Mary Skyway, Port Paul, MO 60762",2038,Campbell-Torres,"306 Lisa Passage Apt. 451, East Molly, VA 76701",0,,6,,,2
50124,2023-12-30,2919.28,Travel,1040,Matthew Henson,"4120 Mary Skyway, Port Paul, MO 60762",2044,"Chaney, Flores and Williams","614 Michael Streets, Lake Richardside, CA 49620",20,Weekend_High_Spend; ,5,,,2
50610,2023-04-18,3203.51,Services,1040,Matthew Henson,"4120 Mary Skyway, Port Paul, MO 60762",2047,Wilson-Martin,"37623 Nicole Ridge Suite 925, South Christian, MO 66629",0,,1,,,3
50527,2023-12-17,2020.71,Services,1040,Matthew Henson,"4120 Mary Skyway, Port Paul, MO 60762",2049,Nguyen-Long,"9596 Pamela Courts Apt. 382, Thomashaven, PR 25929",20,Weekend_High_Spend; ,6,,,2
50986,2023-05-17,737.72,Travel,1040,Matthew Henson,"4120 Mary Skyway, Port Paul, MO 60762",2050,Murillo Group,"983 Maria Track Apt. 147, Mejiatown, TX 99943",0,,2,,,7
50336,2023-07-29,3038.56,Services,1040,Matthew Henson,"4120 Mary Skyway, Port Paul, MO 60762",2051,"Thompson, Curry and Oneill","Unit 2316 Box 3994, DPO AE 15152",20,Weekend_High_Spend; ,5,,,3
50797,2023-07-30,3093.57,Software,1040,Matthew Henson,"4120 Mary Skyway, Port Paul, MO 60762",2052,"Levy, Owens and Greer","08044 Keith Loaf, North Robin, TN 23040",20,Weekend_High_Spend; ,6,,,3
50557,2023-12-23,3511.01,Software,1040,Matthew Henson,"4120 Mary Skyway, Port Paul, MO 60762",2052,"Levy, Owens and Greer","08044 Keith Loaf, North Robin, TN 23040",20,Weekend_High_Spend; ,5,2023-07-30,3093.57,3
50248,2023-07-09,2196.68,Travel,1040,Matthew Henson,"4120 Mary Skyway, Port Paul, MO 60762",2065,"Simmons, Smith and Russell","8850 Reynolds Islands, North Brian, MS 79044",20,Weekend_High_Spend; ,6,,,2
50054,2023-04-06,3214.81,Software,1040,Matthew Henson,"4120 Mary Skyway, Port Paul, MO 60762",2066,Ray-Santiago,"65988 Welch Valleys Apt. 486, Joelberg, FL 88843",0,,3,,,3
50895,2023-05-20,597.9,Services,1040,Matthew Henson,"4120 Mary Skyway, Port Paul, MO 60762",2085,Burns-Allen,"275 Frances Shoal Apt. 795, Lake Caitlin, FM 60724",20,Weekend_High_Spend; ,5,,,5
50715,2023-07-16,1013.23,Supplies,1040,Matthew Henson,"4120 Mary Skyway, Port Paul, MO 60762",2085,Burns-Allen,"275 Frances Shoal Apt. 795, Lake Caitlin, FM 60724",20,Weekend_High_Spend; ,6,2023-05-20,597.9,1
50707,2023-04-12,554.61,Supplies,1040,Matthew Henson,"4120 Mary Skyway, Port Paul, MO 60762",2089,"Leach, Jacobs and Pena","84218 Danielle Underpass Apt. 222, New Sandra, OH 92273",0,,2,,,5
50969,2023-11-30,3290.42,Services,1040,Matthew Henson,"4120 Mary Skyway, Port Paul, MO 60762",2089,"Leach, Jacobs and Pena","84218 Danielle Underpass Apt. 222, New Sandra, OH 92273",0,,3,2023-04-12,554.61,3
50413,2023-07-05,3865.29,Travel,1040,Matthew Henson,"4120 Mary Skyway, Port Paul, MO 60762",2092,Cox and Sons,"5719 Brown Causeway Suite 900, North Michellestad, NY 17487",0,,2,,,3
50220,2023-12-13,1890.04,Services,1040,Matthew Henson,"4120 Mary Skyway, Port Paul, MO 60762",2095,"Holmes, Harrison and Brooks","18293 Autumn Extension, Garzaton, AZ 05000",0,,2,,,1
50325,2023-03-20,703.51,Meals,1040,Matthew Henson,"4120 Mary Skyway, Port Paul, MO 60762",2096,Cobb Group,"525 Dennis Springs, East Colleenborough, MP 29919",0,,0,,,7
50762,2023-06-29,4011.24,Software,1040,Matthew Henson,"4120 Mary Skyway, Port Paul, MO 60762",2097,"Stone, Johnson and Rodriguez","69365 Anderson Track, Matthewmouth, KY 54932",0,,3,,,4
50452,2023-04-11,202.02,Supplies,1040,Matthew Henson,"4120 Mary Skyway, Port Paul, MO 60762",2099,"Cardenas, Martin and Richard","64483 Cook Spurs Suite 549, Karenmouth, VA 26266",40,,1,,,2
50452,2023-04-11,202.02,Supplies,1040,Matthew Henson,"4120 Mary Skyway, Port Paul, MO 60762",2099,Shell Corp Services,"33581 Goodwin Islands, Lake Jeffreyshire, RI 15330",40,Split_Payment; ,1,2023-04-11,202.02,2
50214,2023-12-14,2368.28,Services,1041,Kristina Jackson,"PSC 2047, Box 9640, APO AE 79714",2001,Mata Ltd,"85969 Amanda Drives Apt. 749, North Rachel, IL 61624",0,,3,,,2
50049,2023-08-23,3503.42,Services,1041,Kristina Jackson,"PSC 2047, Box 9640, APO AE 79714",2028,"Thornton, Carter and Mcgee","1214 Mercado Row, Maryland, KS 89257",0,,2,,,3
50551,2023-11-28,4391.44,Supplies,1041,Kristina Jackson,"PSC 2047, Box 9640, APO AE 79714",2029,Young-Johnson,"641 Johnathan Meadows Suite 624, Amandastad, ID 28435",0,,1,,,4
50059,2023-05-21,2349.5,Travel,1041,Kristina Jackson,"PSC 2047, Box 9640, APO AE 79714",2036,Mclaughlin Inc,"768 Ross Falls, Lake Michael, OK 46923",20,Weekend_High_Spend; ,6,,,2
50289,2023-12-20,4365.84,Services,1041,Kristina Jackson,"PSC 2047, Box 9640, APO AE 79714",2038,Campbell-Torres,"306 Lisa Passage Apt. 451, East Molly, VA 76701",0,,2,,,4
50208,2023-08-26,4124.25,Meals,1041,Kristina Jackson,"PSC 2047, Box 9640, APO AE 79714",2042,"King, Hughes and Willis","8989 Campbell Flats, Timothyshire, DC 87804",20,Weekend_High_Spend; ,5,,,4
50750,2023-07-20,364.85,Supplies,1041,Kristina Jackson,"PSC 2047, Box 9640, APO AE 79714",2059,Barnes-Miller,"3258 Price Meadows, West Rebeccamouth, AL 94613",0,,3,,,3
50137,2023-08-23,303.51,Supplies,1041,Kristina Jackson,"PSC 2047, Box 9640, APO AE 79714",2061,Johnson-Reyes,"914 Crystal Fords Suite 683, Dylanhaven, MS 03444",0,,2,,,3
50334,2023-04-13,901.59,Services,1041,Kristina Jackson,"PSC 2047, Box 9640, APO AE 79714",2064,"Little, Myers and Sullivan","906 Matthew Ramp Suite 752, New Carolhaven, GU 76208",10,Benford_9; ,3,,,9
50705,2023-05-28,3166.86,Services,1041,Kristina Jackson,"PSC 2047, Box 9640, APO AE 79714",2066,Ray-Santiago,"65988 Welch Valleys Apt. 486, Joelberg, FL 88843",20,Weekend_High_Spend; ,6,,,3
50376,2023-03-26,3734.56,Services,1041,Kristina Jackson,"PSC 2047, Box 9640, APO AE 79714",2069,Ho-Mann,"72000 Garcia Mountains Suite 344, Stonetown, MN 34788",20,Weekend_High_Spend; ,6,,,3
50871,2023-11-22,1252.81,Travel,1041,Kristina Jackson,"PSC 2047, Box 9640, APO AE 79714",2070,"Nelson, Smith and Golden","9814 Robert Groves, East Johnmouth, MI 38711",0,,2,,,1
50126,2023-12-12,1212.23,Meals,1041,Kristina Jackson,"PSC 2047, Box 9640, APO AE 79714",2070,"Nelson, Smith and Golden","9814 Robert Groves, East Johnmouth, MI 38711",0,,1,2023-11-22,1252.81,1
50823,2023-12-21,2394.71,Software,1041,Kristina Jackson,"PSC 2047, Box 9640, APO AE 79714",2087,Jimenez PLC,"1545 Jacobs View Apt. 288, New Jimmyhaven, MD 72708",0,,3,,,2
50640,2023-03-26,2815.95,Meals,1041,Kristina Jackson,"PSC 2047, Box 9640, APO AE 79714",2089,"Leach, Jacobs and Pena","84218 Danielle Underpass Apt. 222, New Sandra, OH 92273",20,Weekend_High_Spend; ,6,,,2
50384,2023-06-19,460.01,Meals,1041,Kristina Jackson,"PSC 2047, Box 9640, APO AE 79714",2089,"Leach, Jacobs and Pena","84218 Danielle Underpass Apt. 222, New Sandra, OH 92273",0,,0,2023-03-26,2815.95,4
50880,2023-03-05,3795.29,Supplies,1042,Spencer Ruiz,"88470 Perry Ways Suite 942, East Alicia, NC 15161",2003,Lee LLC,"9410 Blair Terrace, New Elizabeth, LA 11296",20,Weekend_High_Spend; ,6,,,3
50911,2023-04-21,758.0,Travel,1042,Spencer Ruiz,"88470 Perry Ways Suite 942, East Alicia, NC 15161",2005,Jackson-Austin,"1520 Eric Flats, North Jessica, MH 26567",0,,4,,,7
50145,2023-01-23,2775.2,Software,1042,Spencer Ruiz,"88470 Perry Ways Suite 942, East Alicia, NC 15161",2012,Walker Ltd,"9516 Melanie Dale Suite 907, East Brett, ID 69269",0,,0,,,2
50803,2023-12-17,1950.1,Travel,1042,Spencer Ruiz,"88470 Perry Ways Suite 942, East Alicia, NC 15161",2014,"Logan, Bradley and Rodriguez","574 Hart Isle Suite 302, Marvinhaven, TN 51787",20,Weekend_High_Spend; ,6,,,1
50257,2023-01-31,1355.44,Meals,1042,Spencer Ruiz,"88470 Perry Ways Suite 942, East Alicia, NC 15161",2025,"Carey, Torres and Martinez","181 Mackenzie Parkways, Port Martinton, MS 53531",0,,1,,,1
50690,2023-11-08,2385.36,Supplies,1042,Spencer Ruiz,"88470 Perry Ways Suite 942, East Alicia, NC 15161",2032,Gallagher-Solis,"79701 Howard Port, East Marcfort, PW 11913",0,,2,,,2
50744,2023-01-16,2642.92,Meals,1042,Spencer Ruiz,"88470 Perry Ways Suite 942, East Alicia, NC 15161",2035,Wheeler-Hale,"8737 Page Stream, North Elizabeth, CA 82526",0,,0,,,2
50250,2023-04-15,235.46,Services,1042,Spencer Ruiz,"88470 Perry Ways Suite 942, East Alicia, NC 15161",2035,Wheeler-Hale,"8737 Page Stream, North Elizabeth, CA 82526",0,,5,2023-01-16,2642.92,2
50178,2023-09-08,3917.55,Travel,1042,Spencer Ruiz,"88470 Perry Ways Suite 942, East Alicia, NC 15161",2043,Bowen Group,"167 Rebecca Road, Stevenberg, HI 76987",0,,4,,,3
50884,2023-06-20,1815.93,Travel,1042,Spencer Ruiz,"88470 Perry Ways Suite 942, East Alicia, NC 15161",2053,Meyer-Rodgers,"3889 Andrews Union Suite 550, Donaldsontown, GU 50691",0,,1,,,1
50916,2023-02-19,4212.77,Supplies,1042,Spencer Ruiz,"88470 Perry Ways Suite 942, East Alicia, NC 15161",2056,Lopez PLC,"793 Matthew Unions Apt. 581, Simonfort, MH 35152",20,Weekend_High_Spend; ,6,,,4
50301,2023-01-09,1011.09,Meals,1042,Spencer Ruiz,"88470 Perry Ways Suite 942, East Alicia, NC 15161",2063,"Patel, Adams and Hill","415 Matthew Glen Apt. 850, New Tammyton, MI 79051",0,,0,,,1
50792,2023-07-03,2716.84,Supplies,1042,Spencer Ruiz,"88470 Perry Ways Suite 942, East Alicia, NC 15161",2063,"Patel, Adams and Hill","415 Matthew Glen Apt. 850, New Tammyton, MI 79051",0,,0,2023-01-09,1011.09,2
50864,2023-05-16,3468.51,Meals,1042,Spencer Ruiz,"88470 Perry Ways Suite 942, East Alicia, NC 15161",2066,Ray-Santiago,"65988 Welch Valleys Apt. 486, Joelberg, FL 88843",0,,1,,,3
50985,2023-04-26,1312.04,Software,1042,Spencer Ruiz,"88470 Perry Ways Suite 942, East Alicia, NC 15161",2074,Duncan Ltd,"PSC 4254, Box 1412, APO AP 24976",0,,2,,,1
50993,2023-02-16,4493.29,Travel,1042,Spencer Ruiz,"88470 Perry Ways Suite 942, East Alicia, NC 15161",2083,Buchanan-Knight,"5912 Patrick Valleys Suite 204, Coreymouth, PW 13157",0,,3,,,4
50293,2023-09-28,2864.17,Supplies,1042,Spencer Ruiz,"88470 Perry Ways Suite 942, East Alicia, NC 15161",2088,"Alvarez, Osborne and Greene","1821 Anderson Haven Apt. 351, Jasonton, AR 97746",0,,3,,,2
50637,2023-05-01,2197.41,Software,1042,Spencer Ruiz,"88470 Perry Ways Suite 942, East Alicia, NC 15161",2089,"Leach, Jacobs and Pena","84218 Danielle Underpass Apt. 222, New Sandra, OH 92273",0,,0,,,2
50034,2023-09-27,347.7,Supplies,1043,Alex Pittman,"492 Moore Rue Apt. 842, Hensonborough, MH 80908",2002,Brown LLC,"PSC 8735, Box 0598, APO AP 53357",0,,2,,,3
50597,2023-04-03,2026.54,Supplies,1043,Alex Pittman,"492 Moore Rue Apt. 842, Hensonborough, MH 80908",2006,Barnett-Chavez,"4505 Doyle Glen Apt. 833, Shannonland, PW 39773",0,,0,,,2
50152,2023-05-02,841.63,Services,1043,Alex Pittman,"492 Moore Rue Apt. 842, Hensonborough, MH 80908",2008,"Miller, Mack and Watts","63754 Daniel Vista, Gloriamouth, PA 22198",0,,1,,,8
50657,2023-08-22,185.46,Services,1043,Alex Pittman,"492 Moore Rue Apt. 842, Hensonborough, MH 80908",2013,Brown Inc,"2287 Laurie Avenue Suite 359, North Mariafurt, AL 87186",0,,1,,,1
50281,2023-01-31,253.85,Travel,1043,Alex Pittman,"492 Moore Rue Apt. 842, Hensonborough, MH 80908",2019,Hughes-Campbell,"74355 Khan View Apt. 395, Maryville, CT 57298",0,,1,,,2
50780,2023-03-03,2247.5,Services,1043,Alex Pittman,"492 Moore Rue Apt. 842, Hensonborough, MH 80908",2023,Fernandez Group,"55318 John Inlet, New Stephanieview, PW 23645",0,,4,,,2
50568,2023-10-24,1214.03,Supplies,1043,Alex Pittman,"492 Moore Rue Apt. 842, Hensonborough, MH 80908",2025,"Carey, Torres and Martinez","181 Mackenzie Parkways, Port Martinton, MS 53531",0,,1,,,1
50396,2023-04-05,708.07,Supplies,1043,Alex Pittman,"492 Moore Rue Apt. 842, Hensonborough, MH 80908",2031,Romero PLC,"4272 Ross Groves, Lake Kimberly, WY 78760",0,,2,,,7
50858,2023-01-04,2101.53,Meals,1043,Alex Pittman,"492 Moore Rue Apt. 842, Hensonborough, MH 80908",2036,Mclaughlin Inc,"768 Ross Falls, Lake Michael, OK 46923",0,,2,,,2
50123,2023-01-27,454.75,Travel,1043,Alex Pittman,"492 Moore Rue Apt. 842, Hensonborough, MH 80908",2038,Campbell-Torres,"306 Lisa Passage Apt. 451, East Molly, VA 76701",0,,4,,,4
50398,2023-11-17,2284.61,Software,1043,Alex Pittman,"492 Moore Rue Apt. 842, Hensonborough, MH 80908",2043,Bowen Group,"167 Rebecca Road, Stevenberg, HI 76987",0,,4,,,2
50189,2023-05-19,1445.68,Travel,1043,Alex Pittman,"492 Moore Rue Apt. 842, Hensonborough, MH 80908",2058,"Brown, Klein and Sanders","84157 Myers Station, North Terri, WA 15013",0,,4,,,1
50066,2023-01-04,2059.98,Supplies,1043,Alex Pittman,"492 Moore Rue Apt. 842, Hensonborough, MH 80908",2060,Rogers-Glover,"928 Armstrong Center Apt. 864, Susanton, MO 30175",0,,2,,,2
50558,2023-07-26,3174.14,Meals,1043,Alex Pittman,"492 Moore Rue Apt. 842, Hensonborough, MH 80908",2060,Rogers-Glover,"928 Armstrong Center Apt. 864, Susanton, MO 30175",0,,2,2023-01-04,2059.98,3
50164,2023-12-13,2316.27,Services,1043,Alex Pittman,"492 Moore Rue Apt. 842, Hensonborough, MH 80908",2063,"Patel, Adams and Hill","415 Matthew Glen Apt. 850, New Tammyton, MI 79051",0,,2,,,2
50725,2023-07-30,4358.69,Software,1043,Alex Pittman,"492 Moore Rue Apt. 842, Hensonborough, MH 80908",2064,"Little, Myers and Sullivan","906 Matthew Ramp Suite 752, New Carolhaven, GU 76208",20,Weekend_High_Spend; ,6,,,4
50620,2023-06-22,3256.51,Software,1043,Alex Pittman,"492 Moore Rue Apt. 842, Hensonborough, MH 80908",2072,Smith-Williams,"0200 Chris Hill Suite 452, Lake Michelleberg, PR 01384",0,,3,,,3
50458,2023-05-01,1602.76,Software,1043,Alex Pittman,"492 Moore Rue Apt. 842, Hensonborough, MH 80908",2073,"Wilson, Solis and Russell","1349 Vargas Islands Suite 069, Larryfurt, IA 45177",0,,0,,,1
50926,2023-03-30,768.96,Services,1043,Alex Pittman,"492 Moore Rue Apt. 842, Hensonborough, MH 80908",2076,Cruz-Vasquez,"27673 Glenn Gardens, Paulstad, CO 89213",0,,3,,,7
50776,2023-01-12,4339.3,Supplies,1043,Alex Pittman,"492 Moore Rue Apt. 842, Hensonborough, MH 80908",2079,"Gonzalez, Howard and Ramirez","49356 Miller Union, New Larry, AL 63821",0,,3,,,4
50259,2023-05-11,231.38,Supplies,1043,Alex Pittman,"492 Moore Rue Apt. 842, Hensonborough, MH 80908",2088,"Alvarez, Osborne and Greene","1821 Anderson Haven Apt. 351, Jasonton, AR 97746",0,,3,,,2
50688,2023-10-14,2244.47,Meals,1043,Alex Pittman,"492 Moore Rue Apt. 842, Hensonborough, MH 80908",2089,"Leach, Jacobs and Pena","84218 Danielle Underpass Apt. 222, New Sandra, OH 92273",20,Weekend_High_Spend; ,5,,,2
50218,2023-02-25,1946.55,Services,1043,Alex Pittman,"492 Moore Rue Apt. 842, Hensonborough, MH 80908",2090,Davis Ltd,"53512 Sanchez Lodge, Thorntonmouth, KY 57110",20,Weekend_High_Spend; ,5,,,1
50182,2023-11-13,2684.43,Software,1043,Alex Pittman,"492 Moore Rue Apt. 842, Hensonborough, MH 80908",2095,"Holmes, Harrison and Brooks","18293 Autumn Extension, Garzaton, AZ 05000",0,,0,,,2
50113,2023-07-03,1759.26,Supplies,1044,Matthew Hanna,"6036 Margaret Pass, Parkerbury, SD 83624",2007,"Hobbs, Williams and Hunt","300 Anthony Tunnel, New Timothyfurt, ND 14279",0,,0,,,1
50910,2023-03-21,4246.7,Supplies,1044,Matthew Hanna,"6036 Margaret Pass, Parkerbury, SD 83624",2014,"Logan, Bradley and Rodriguez","574 Hart Isle Suite 302, Marvinhaven, TN 51787",0,,1,,,4
50865,2023-12-26,2728.2,Software,1044,Matthew Hanna,"6036 Margaret Pass, Parkerbury, SD 83624",2014,"Logan, Bradley and Rodriguez","574 Hart Isle Suite 302, Marvinhaven, TN 51787",0,,1,2023-03-21,4246.7,2
50229,2023-08-24,1822.8,Meals,1044,Matthew Hanna,"6036 Margaret Pass, Parkerbury, SD 83624",2016,Harper-Sanders,"2602 Schmidt Land, Port Curtistown, ID 07786",0,,3,,,1
50727,2023-01-24,2048.07,Meals,1044,Matthew Hanna,"6036 Margaret Pass, Parkerbury, SD 83624",2024,Anderson-Hudson,"29590 Boyle Points Apt. 885, North Nancy, MA 36595",0,,1,,,2
50728,2023-04-09,4489.37,Travel,1044,Matthew Hanna,"6036 Margaret Pass, Parkerbury, SD 83624",2029,Young-Johnson,"641 Johnathan Meadows Suite 624, Amandastad, ID 28435",20,Weekend_High_Spend; ,6,,,4
50482,2023-01-22,3619.96,Travel,1044,Matthew Hanna,"6036 Margaret Pass, Parkerbury, SD 83624",2032,Gallagher-Solis,"79701 Howard Port, East Marcfort, PW 11913",20,Weekend_High_Spend; ,6,,,3
50844,2023-02-03,1260.32,Supplies,1044,Matthew Hanna,"6036 Margaret Pass, Parkerbury, SD 83624",2032,Gallagher-Solis,"79701 Howard Port, East Marcfort, PW 11913",0,,4,2023-01-22,3619.96,1
50000,2023-05-06,3106.72,Services,1044,Matthew Hanna,"6036 Margaret Pass, Parkerbury, SD 83624",2036,Mclaughlin Inc,"768 Ross Falls, Lake Michael, OK 46923",20,Weekend_High_Spend; ,5,,,3
50128,2023-10-16,672.6,Supplies,1044,Matthew Hanna,"6036 Margaret Pass, Parkerbury, SD 83624",2044,"Chaney, Flores and Williams","614 Michael Streets, Lake Richardside, CA 49620",0,,0,,,6
50731,2023-06-25,2433.33,Meals,1044,Matthew Hanna,"6036 Margaret Pass, Parkerbury, SD 83624",2046,"Coffey, Ross and Johnson","Unit 5717 Box 9802, DPO AP 26669",20,Weekend_High_Spend; ,6,,,2
50643,2023-03-26,1471.46,Travel,1044,Matthew Hanna,"6036 Margaret Pass, Parkerbury, SD 83624",2054,Brown LLC,"94144 Smith Courts, Houstonberg, NC 14515",20,Weekend_High_Spend; ,6,,,1
50044,2023-07-26,1198.41,Travel,1044,Matthew Hanna,"6036 Margaret Pass, Parkerbury, SD 83624",2055,Boyd Group,"Unit 9659 Box 0767, DPO AE 92178",0,,2,,,1
50547,2023-10-06,2891.52,Supplies,1044,Matthew Hanna,"6036 Margaret Pass, Parkerbury, SD 83624",2055,Boyd Group,"Unit 9659 Box 0767, DPO AE 92178",0,,4,2023-07-26,1198.41,2
50333,2023-07-26,906.1,Services,1044,Matthew Hanna,"6036 Margaret Pass, Parkerbury, SD 83624",2058,"Brown, Klein and Sanders","84157 Myers Station, North Terri, WA 15013",10,Benford_9; ,2,,,9
50626,2023-02-24,2528.53,Travel,1044,Matthew Hanna,"6036 Margaret Pass, Parkerbury, SD 83624",2063,"Patel, Adams and Hill","415 Matthew Glen Apt. 850, New Tammyton, MI 79051",0,,4,,,2
50006,2023-02-05,2403.12,Travel,1044,Matthew Hanna,"6036 Margaret Pass, Parkerbury, SD 83624",2069,Ho-Mann,"72000 Garcia Mountains Suite 344, Stonetown, MN 34788",20,Weekend_High_Spend; ,6,,,2
50360,2023-02-16,4121.38,Travel,1044,Matthew Hanna,"6036 Margaret Pass, Parkerbury, SD 83624",2073,"Wilson, Solis and Russell","1349 Vargas Islands Suite 069, Larryfurt, IA 45177",0,,3,,,4
50941,2023-03-07,2010.19,Supplies,1044,Matthew Hanna,"6036 Margaret Pass, Parkerbury, SD 83624",2080,Hahn and Sons,"27155 Charles Valley, Kellyside, CT 31934",0,,1,,,2
50292,2023-08-13,1952.33,Travel,1044,Matthew Hanna,"6036 Margaret Pass, Parkerbury, SD 83624",2090,Davis Ltd,"53512 Sanchez Lodge, Thorntonmouth, KY 57110",20,Weekend_High_Spend; ,6,,,1
50498,2023-05-21,646.74,Software,1045,Anthony Bailey,"02549 Ferguson Lane Apt. 110, Ericstad, MH 36070",2009,Hunt-Wallace,"27454 Jeffery Locks, Jensenport, ND 82355",20,Weekend_High_Spend; ,6,,,6
50810,2023-11-03,828.59,Meals,1045,Anthony Bailey,"02549 Ferguson Lane Apt. 110, Ericstad, MH 36070",2013,Brown Inc,"2287 Laurie Avenue Suite 359, North Mariafurt, AL 87186",0,,4,,,8
50625,2023-04-17,2450.95,Supplies,1045,Anthony Bailey,"02549 Ferguson Lane Apt. 110, Ericstad, MH 36070",2014,"Logan, Bradley and Rodriguez","574 Hart Isle Suite 302, Marvinhaven, TN 51787",0,,0,,,2
50469,2023-05-19,1671.72,Software,1045,Anthony Bailey,"02549 Ferguson Lane Apt. 110, Ericstad, MH 36070",2015,Perry and Sons,"945 Thomas Mountains Suite 203, Port James, PR 75150",0,,4,,,1
50023,2023-06-17,2535.38,Software,1045,Anthony Bailey,"02549 Ferguson Lane Apt. 110, Ericstad, MH 36070",2016,Harper-Sanders,"2602 Schmidt Land, Port Curtistown, ID 07786",20,Weekend_High_Spend; ,5,,,2
50037,2023-02-22,1592.96,Services,1045,Anthony Bailey,"02549 Ferguson Lane Apt. 110, Ericstad, MH 36070",2031,Romero PLC,"4272 Ross Groves, Lake Kimberly, WY 78760",0,,2,,,1
50733,2023-01-27,1569.5,Travel,1045,Anthony Bailey,"02549 Ferguson Lane Apt. 110, Ericstad, MH 36070",2036,Mclaughlin Inc,"768 Ross Falls, Lake Michael, OK 46923",0,,4,,,1
50031,2023-08-30,721.37,Meals,1045,Anthony Bailey,"02549 Ferguson Lane Apt. 110, Ericstad, MH 36070",2038,Campbell-Torres,"306 Lisa Passage Apt. 451, East Molly, VA 76701",0,,2,,,7
50603,2023-01-12,1216.15,Services,1045,Anthony Bailey,"02549 Ferguson Lane Apt. 110, Ericstad, MH 36070",2040,"Pierce, Robinson and Munoz","8198 Goodman Squares, Scotthaven, TN 19541",0,,3,,,1
50437,2023-02-22,2882.53,Supplies,1045,Anthony Bailey,"02549 Ferguson Lane Apt. 110, Ericstad, MH 36070",2040,"Pierce, Robinson and Munoz","8198 Goodman Squares, Scotthaven, TN 19541",0,,2,2023-01-12,1216.15,2
50425,2023-05-06,3134.39,Services,1045,Anthony Bailey,"02549 Ferguson Lane Apt. 110, Ericstad, MH 36070",2043,Bowen Group,"167 Rebecca Road, Stevenberg, HI 76987",20,Weekend_High_Spend; ,5,,,3
50471,2023-06-19,2225.15,Services,1045,Anthony Bailey,"02549 Ferguson Lane Apt. 110, Ericstad, MH 36070",2044,"Chaney, Flores and Williams","614 Michael Streets, Lake Richardside, CA 49620",0,,0,,,2
50666,2023-12-09,2564.71,Supplies,1045,Anthony Bailey,"02549 Ferguson Lane Apt. 110, Ericstad, MH 36070",2045,Parker Group,"6826 Jennifer Drives, Robinton, AZ 71490",20,Weekend_High_Spend; ,5,,,2
50735,2023-06-01,2192.87,Services,1045,Anthony Bailey,"02549 Ferguson Lane Apt. 110, Ericstad, MH 36070",2057,Taylor LLC,"36878 Cardenas Street Apt. 375, Haleburgh, OR 04364",0,,3,,,2
50696,2023-04-01,1466.16,Supplies,1045,Anthony Bailey,"02549 Ferguson Lane Apt. 110, Ericstad, MH 36070",2063,"Patel, Adams and Hill","415 Matthew Glen Apt. 850, New Tammyton, MI 79051",20,Weekend_High_Spend; ,5,,,1
50670,2023-09-16,3443.3,Software,1045,Anthony Bailey,"02549 Ferguson Lane Apt. 110, Ericstad, MH 36070",2065,"Simmons, Smith and Russell","8850 Reynolds Islands, North Brian, MS 79044",20,Weekend_High_Spend; ,5,,,3
50181,2023-10-18,1642.69,Meals,1045,Anthony Bailey,"02549 Ferguson Lane Apt. 110, Ericstad, MH 36070",2065,"Simmons, Smith and Russell","8850 Reynolds Islands, North Brian, MS 79044",0,,2,2023-09-16,3443.3,1
50200,2023-07-11,2817.41,Meals,1045,Anthony Bailey,"02549 Ferguson Lane Apt. 110, Ericstad, MH 36070",2071,Hancock Group,"Unit 4711 Box 4944, DPO AP 20470",0,,1,,,2
50853,2023-07-11,1684.82,Supplies,1045,Anthony Bailey,"02549 Ferguson Lane Apt. 110, Ericstad, MH 36070",2076,Cruz-Vasquez,"27673 Glenn Gardens, Paulstad, CO 89213",0,,1,,,1
50719,2023-05-11,1247.53,Software,1045,Anthony Bailey,"02549 Ferguson Lane Apt. 110, Ericstad, MH 36070",2078,"Burns, Martinez and Fitzpatrick","8591 Martin Mews Suite 824, Darleneview, PW 38688",0,,3,,,1
50226,2023-08-07,391.38,Meals,1045,Anthony Bailey,"02549 Ferguson Lane Apt. 110, Ericstad, MH 36070",2083,Buchanan-Knight,"5912 Patrick Valleys Suite 204, Coreymouth, PW 13157",0,,0,,,3
50238,2023-04-01,1471.54,Services,1045,Anthony Bailey,"02549 Ferguson Lane Apt. 110, Ericstad, MH 36070",2088,"Alvarez, Osborne and Greene","1821 Anderson Haven Apt. 351, Jasonton, AR 97746",20,Weekend_High_Spend; ,5,,,1
50930,2023-12-25,4228.5,Software,1045,Anthony Bailey,"02549 Ferguson Lane Apt. 110, Ericstad, MH 36070",2089,"Leach, Jacobs and Pena","84218 Danielle Underpass Apt. 222, New Sandra, OH 92273",0,,0,,,4
50942,2023-06-30,1986.11,Software,1046,Cassandra Boyd,"Unit 5226 Box 7257, DPO AA 83962",2002,Brown LLC,"PSC 8735, Box 0598, APO AP 53357",0,,4,,,1
50773,2023-09-09,4251.02,Meals,1046,Cassandra Boyd,"Unit 5226 Box 7257, DPO AA 83962",2005,Jackson-Austin,"1520 Eric Flats, North Jessica, MH 26567",20,Weekend_High_Spend; ,5,,,4
50921,2023-03-18,1672.63,Meals,1046,Cassandra Boyd,"Unit 5226 Box 7257, DPO AA 83962",2009,Hunt-Wallace,"27454 Jeffery Locks, Jensenport, ND 82355",20,Weekend_High_Spend; ,5,,,1
50495,2023-11-09,4393.05,Travel,1046,Cassandra Boyd,"Unit 5226 Box 7257, DPO AA 83962",2012,Walker Ltd,"9516 Melanie Dale Suite 907, East Brett, ID 69269",0,,3,,,4
50256,2023-03-27,1521.71,Supplies,1046,Cassandra Boyd,"Unit 5226 Box 7257, DPO AA 83962",2018,"Larson, Mitchell and Swanson","135 Contreras Well Suite 303, Port Courtney, MA 23471",0,,0,,,1
50062,2023-05-28,3812.95,Services,1046,Cassandra Boyd,"Unit 5226 Box 7257, DPO AA 83962",2027,"Hodges, Stevens and Ray","93174 Wells Trace, Lake Charles, MN 40537",20,Weekend_High_Spend; ,6,,,3
50635,2023-09-04,3919.18,Supplies,1046,Cassandra Boyd,"Unit 5226 Box 7257, DPO AA 83962",2030,Gomez PLC,"243 Melissa Street, East Carrie, CT 85247",0,,0,,,3
50542,2023-08-10,4282.55,Software,1046,Cassandra Boyd,"Unit 5226 Box 7257, DPO AA 83962",2033,Garza-Sims,"579 Adam Landing, West Christineville, MN 75056",0,,3,,,4
50659,2023-08-28,2808.71,Software,1046,Cassandra Boyd,"Unit 5226 Box 7257, DPO AA 83962",2033,Garza-Sims,"579 Adam Landing, West Christineville, MN 75056",0,,0,2023-08-10,4282.55,2
50224,2023-11-14,3704.93,Services,1046,Cassandra Boyd,"Unit 5226 Box 7257, DPO AA 83962",2033,Garza-Sims,"579 Adam Landing, West Christineville, MN 75056",0,,1,2023-08-28,2808.71,3
50254,2023-12-08,4366.64,Meals,1046,Cassandra Boyd,"Unit 5226 Box 7257, DPO AA 83962",2038,Campbell-Torres,"306 Lisa Passage Apt. 451, East Molly, VA 76701",0,,4,,,4
50045,2023-05-04,152.67,Travel,1046,Cassandra Boyd,"Unit 5226 Box 7257, DPO AA 83962",2042,"King, Hughes and Willis","8989 Campbell Flats, Timothyshire, DC 87804",0,,3,,,1
50196,2023-03-24,2144.09,Services,1046,Cassandra Boyd,"Unit 5226 Box 7257, DPO AA 83962",2045,Parker Group,"6826 Jennifer Drives, Robinton, AZ 71490",0,,4,,,2
50465,2023-10-18,1527.87,Software,1046,Cassandra Boyd,"Unit 5226 Box 7257, DPO AA 83962",2047,Wilson-Martin,"37623 Nicole Ridge Suite 925, South Christian, MO 66629",0,,2,,,1
50466,2023-08-04,3420.93,Travel,1046,Cassandra Boyd,"Unit 5226 Box 7257, DPO AA 83962",2058,"Brown, Klein and Sanders","84157 Myers Station, North Terri, WA 15013",0,,4,,,3
50653,2023-03-09,3264.67,Supplies,1046,Cassandra Boyd,"Unit 5226 Box 7257, DPO AA 83962",2063,"Patel, Adams and Hill","415 Matthew Glen Apt. 850, New Tammyton, MI 79051",0,,3,,,3
50917,2023-08-26,441.99,Travel,1046,Cassandra Boyd,"Unit 5226 Box 7257, DPO AA 83962",2063,"Patel, Adams and Hill","415 Matthew Glen Apt. 850, New Tammyton, MI 79051",0,,5,2023-03-09,3264.67,4
50073,2023-03-23,3372.6,Software,1046,Cassandra Boyd,"Unit 5226 Box 7257, DPO AA 83962",2064,"Little, Myers and Sullivan","906 Matthew Ramp Suite 752, New Carolhaven, GU 76208",0,,3,,,3
50494,2023-09-23,978.93,Services,1046,Cassandra Boyd,"Unit 5226 Box 7257, DPO AA 83962",2064,"Little, Myers and Sullivan","906 Matthew Ramp Suite 752, New Carolhaven, GU 76208",30,Weekend_High_Spend; Benford_9; ,5,2023-03-23,3372.6,9
50964,2023-08-17,3937.02,Supplies,1046,Cassandra Boyd,"Unit 5226 Box 7257, DPO AA 83962",2065,"Simmons, Smith and Russell","8850 Reynolds Islands, North Brian, MS 79044",0,,3,,,3
50374,2023-12-25,3045.34,Services,1046,Cassandra Boyd,"Unit 5226 Box 7257, DPO AA 83962",2077,"Castaneda, Velasquez and Guerrero","USS Nichols, FPO AE 03449",0,,0,,,3
50896,2023-05-02,1744.02,Services,1046,Cassandra Boyd,"Unit 5226 Box 7257, DPO AA 83962",2084,Rasmussen-Hernandez,"94613 Charles Wall, Keithport, NY 43480",0,,1,,,1
50646,2023-06-02,780.89,Travel,1046,Cassandra Boyd,"Unit 5226 Box 7257, DPO AA 83962",2089,"Leach, Jacobs and Pena","84218 Danielle Underpass Apt. 222, New Sandra, OH 92273",0,,4,,,7
50574,2023-01-26,2626.15,Meals,1046,Cassandra Boyd,"Unit 5226 Box 7257, DPO AA 83962",2091,"Krause, Flynn and Foster","USNS Williamson, FPO AE 45018",0,,3,,,2
50120,2023-06-16,3488.49,Travel,1047,Mark Gonzalez,"767 Maria Ford, Lake Melanie, WI 01556",2004,"Garcia, Robles and Mitchell","256 Jennifer Expressway, Paulburgh, TN 06283",0,,4,,,3
50441,2023-02-18,1438.55,Meals,1047,Mark Gonzalez,"767 Maria Ford, Lake Melanie, WI 01556",2013,Brown Inc,"2287 Laurie Avenue Suite 359, North Mariafurt, AL 87186",20,Weekend_High_Spend; ,5,,,1
50163,2023-04-29,1598.97,Supplies,1047,Mark Gonzalez,"767 Maria Ford, Lake Melanie, WI 01556",2014,"Logan, Bradley and Rodriguez","574 Hart Isle Suite 302, Marvinhaven, TN 51787",20,Weekend_High_Spend; ,5,,,1
50232,2023-11-01,3851.63,Services,1047,Mark Gonzalez,"767 Maria Ford, Lake Melanie, WI 01556",2022,Davis Group,"5546 Whitney Crossroad Suite 975, Lake Sandraport, SD 39784",0,,2,,,3
50628,2023-03-07,3078.97,Services,1047,Mark Gonzalez,"767 Maria Ford, Lake Melanie, WI 01556",2024,Anderson-Hudson,"29590 Boyle Points Apt. 885, North Nancy, MA 36595",0,,1,,,3
50237,2023-04-07,1805.5,Meals,1047,Mark Gonzalez,"767 Maria Ford, Lake Melanie, WI 01556",2025,"Carey, Torres and Martinez","181 Mackenzie Parkways, Port Martinton, MS 53531",0,,4,,,1
50225,2023-07-28,4258.91,Software,1047,Mark Gonzalez,"767 Maria Ford, Lake Melanie, WI 01556",2038,Campbell-Torres,"306 Lisa Passage Apt. 451, East Molly, VA 76701",0,,4,,,4
50699,2023-10-17,2795.18,Supplies,1047,Mark Gonzalez,"767 Maria Ford, Lake Melanie, WI 01556",2040,"Pierce, Robinson and Munoz","8198 Goodman Squares, Scotthaven, TN 19541",0,,1,,,2
50414,2023-01-06,3743.83,Meals,1047,Mark Gonzalez,"767 Maria Ford, Lake Melanie, WI 01556",2049,Nguyen-Long,"9596 Pamela Courts Apt. 382, Thomashaven, PR 25929",0,,4,,,3
50264,2023-05-27,2112.5,Meals,1047,Mark Gonzalez,"767 Maria Ford, Lake Melanie, WI 01556",2049,Nguyen-Long,"9596 Pamela Courts Apt. 382, Thomashaven, PR 25929",20,Weekend_High_Spend; ,5,2023-01-06,3743.83,2
50617,2023-02-18,2602.19,Services,1047,Mark Gonzalez,"767 Maria Ford, Lake Melanie, WI 01556",2051,"Thompson, Curry and Oneill","Unit 2316 Box 3994, DPO AE 15152",20,Weekend_High_Spend; ,5,,,2
50818,2023-05-02,3770.6,Supplies,1047,Mark Gonzalez,"767 Maria Ford, Lake Melanie, WI 01556",2054,Brown LLC,"94144 Smith Courts, Houstonberg, NC 14515",0,,1,,,3
50756,2023-09-28,3803.4,Meals,1047,Mark Gonzalez,"767 Maria Ford, Lake Melanie, WI 01556",2055,Boyd Group,"Unit 9659 Box 0767, DPO AE 92178",0,,3,,,3
50703,2023-04-20,266.3,Software,1047,Mark Gonzalez,"767 Maria Ford, Lake Melanie, WI 01556",2056,Lopez PLC,"793 Matthew Unions Apt. 581, Simonfort, MH 35152",0,,3,,,2
50936,2023-03-16,4336.96,Software,1047,Mark Gonzalez,"767 Maria Ford, Lake Melanie, WI 01556",2060,Rogers-Glover,"928 Armstrong Center Apt. 864, Susanton, MO 30175",0,,3,,,4
50278,2023-04-07,1802.39,Software,1047,Mark Gonzalez,"767 Maria Ford, Lake Melanie, WI 01556",2061,Johnson-Reyes,"914 Crystal Fords Suite 683, Dylanhaven, MS 03444",0,,4,,,1
50518,2023-10-03,270.29,Software,1047,Mark Gonzalez,"767 Maria Ford, Lake Melanie, WI 01556",2065,"Simmons, Smith and Russell","8850 Reynolds Islands, North Brian, MS 79044",0,,1,,,2
50943,2023-02-12,4474.86,Software,1047,Mark Gonzalez,"767 Maria Ford, Lake Melanie, WI 01556",2075,Bullock-Foster,"07700 Eric Islands Suite 812, Keithland, NH 72796",20,Weekend_High_Spend; ,6,,,4
50251,2023-02-13,859.06,Software,1047,Mark Gonzalez,"767 Maria Ford, Lake Melanie, WI 01556",2077,"Castaneda, Velasquez and Guerrero","USS Nichols, FPO AE 03449",0,,0,,,8
50777,2023-11-04,2226.26,Software,1047,Mark Gonzalez,"767 Maria Ford, Lake Melanie, WI 01556",2078,"Burns, Martinez and Fitzpatrick","8591 Martin Mews Suite 824, Darleneview, PW 38688",20,Weekend_High_Spend; ,5,,,2
50291,2023-12-16,851.69,Services,1047,Mark Gonzalez,"767 Maria Ford, Lake Melanie, WI 01556",2086,"Fernandez, Hoffman and Parker","829 Gonzales Meadows Apt. 650, Peterport, HI 58928",20,Weekend_High_Spend; ,5,,,8
50435,2023-03-23,4414.59,Software,1047,Mark Gonzalez,"767 Maria Ford, Lake Melanie, WI 01556",2089,"Leach, Jacobs and Pena","84218 Danielle Underpass Apt. 222, New Sandra, OH 92273",0,,3,,,4
50385,2023-08-09,3376.71,Supplies,1047,Mark Gonzalez,"767 Maria Ford, Lake Melanie, WI 01556",2089,"Leach, Jacobs and Pena","84218 Danielle Underpass Apt. 222, New Sandra, OH 92273",0,,2,2023-03-23,4414.59,3
50793,2023-11-28,3611.45,Supplies,1047,Mark Gonzalez,"767 Maria Ford, Lake Melanie, WI 01556",2089,"Leach, Jacobs and Pena","84218 Danielle Underpass Apt. 222, New Sandra, OH 92273",0,,1,2023-08-09,3376.71,3
50564,2023-10-19,3346.9,Software,1047,Mark Gonzalez,"767 Maria Ford, Lake Melanie, WI 01556",2091,"Krause, Flynn and Foster","USNS Williamson, FPO AE 45018",0,,3,,,3
50156,2023-05-27,997.11,Meals,1047,Mark Gonzalez,"767 Maria Ford, Lake Melanie, WI 01556",2095,"Holmes, Harrison and Brooks","18293 Autumn Extension, Garzaton, AZ 05000",30,Weekend_High_Spend; Benford_9; ,5,,,9
50928,2023-07-16,3182.18,Services,1047,Mark Gonzalez,"767 Maria Ford, Lake Melanie, WI 01556",2096,Cobb Group,"525 Dennis Springs, East Colleenborough, MP 29919",20,Weekend_High_Spend; ,6,,,3
50589,2023-04-03,4352.22,Supplies,1048,Carolyn Simon,"0036 Zachary Lock Apt. 582, Port Angel, DC 45765",2005,Jackson-Austin,"1520 Eric Flats, North Jessica, MH 26567",0,,0,,,4
50343,2023-10-08,631.55,Services,1048,Carolyn Simon,"0036 Zachary Lock Apt. 582, Port Angel, DC 45765",2006,Barnett-Chavez,"4505 Doyle Glen Apt. 833, Shannonland, PW 39773",20,Weekend_High_Spend; ,6,,,6
50302,2023-04-20,2353.04,Meals,1048,Carolyn Simon,"0036 Zachary Lock Apt. 582, Port Angel, DC 45765",2021,Cole-Tyler,"90000 Bell Haven Suite 394, Lake Ginastad, MT 12092",0,,3,,,2
50842,2023-11-15,2275.78,Services,1048,Carolyn Simon,"0036 Zachary Lock Apt. 582, Port Angel, DC 45765",2021,Cole-Tyler,"90000 Bell Haven Suite 394, Lake Ginastad, MT 12092",0,,2,2023-04-20,2353.04,2
50874,2023-06-19,1804.85,Supplies,1048,Carolyn Simon,"0036 Zachary Lock Apt. 582, Port Angel, DC 45765",2033,Garza-Sims,"579 Adam Landing, West Christineville, MN 75056",0,,0,,,1
50353,2023-01-12,4028.8,Meals,1048,Carolyn Simon,"0036 Zachary Lock Apt. 582, Port Angel, DC 45765",2034,Riley Group,"1494 Porter Views, Danielhaven, DC 99204",0,,3,,,4
50791,2023-12-08,568.54,Travel,1048,Carolyn Simon,"0036 Zachary Lock Apt. 582, Port Angel, DC 45765",2045,Parker Group,"6826 Jennifer Drives, Robinton, AZ 71490",0,,4,,,5
50067,2023-03-03,1201.67,Meals,1048,Carolyn Simon,"0036 Zachary Lock Apt. 582, Port Angel, DC 45765",2048,Roman Ltd,"4488 Crawford Throughway Suite 527, West Duane, AL 78606",0,,4,,,1
50933,2023-06-20,3551.71,Software,1048,Carolyn Simon,"0036 Zachary Lock Apt. 582, Port Angel, DC 45765",2048,Roman Ltd,"4488 Crawford Throughway Suite 527, West Duane, AL 78606",0,,1,2023-03-03,1201.67,3
50839,2023-04-02,320.63,Services,1048,Carolyn Simon,"0036 Zachary Lock Apt. 582, Port Angel, DC 45765",2057,Taylor LLC,"36878 Cardenas Street Apt. 375, Haleburgh, OR 04364",0,,6,,,3
50665,2023-07-29,4360.69,Supplies,1048,Carolyn Simon,"0036 Zachary Lock Apt. 582, Port Angel, DC 45765",2080,Hahn and Sons,"27155 Charles Valley, Kellyside, CT 31934",20,Weekend_High_Spend; ,5,,,4
50359,2023-05-03,1462.19,Software,1048,Carolyn Simon,"0036 Zachary Lock Apt. 582, Port Angel, DC 45765",2081,Wright Ltd,"2363 Michael Mews Suite 085, New Davidview, CT 52565",0,,2,,,1
50406,2023-12-12,2363.17,Travel,1048,Carolyn Simon,"0036 Zachary Lock Apt. 582, Port Angel, DC 45765",2084,Rasmussen-Hernandez,"94613 Charles Wall, Keithport, NY 43480",0,,1,,,2
50078,2023-08-06,1814.36,Meals,1048,Carolyn Simon,"0036 Zachary Lock Apt. 582, Port Angel, DC 45765",2085,Burns-Allen,"275 Frances Shoal Apt. 795, Lake Caitlin, FM 60724",20,Weekend_High_Spend; ,6,,,1
50714,2023-08-03,4358.43,Travel,1048,Carolyn Simon,"0036 Zachary Lock Apt. 582, Port Angel, DC 45765",2092,Cox and Sons,"5719 Brown Causeway Suite 900, North Michellestad, NY 17487",0,,3,,,4
50561,2023-03-17,4397.98,Software,1048,Carolyn Simon,"0036 Zachary Lock Apt. 582, Port Angel, DC 45765",2099,"Cardenas, Martin and Richard","64483 Cook Spurs Suite 549, Karenmouth, VA 26266",40,,4,,,4
50561,2023-03-17,4397.98,Software,1048,Carolyn Simon,"0036 Zachary Lock Apt. 582, Port Angel, DC 45765",2099,Shell Corp Services,"33581 Goodwin Islands, Lake Jeffreyshire, RI 15330",40,Split_Payment; ,4,2023-03-17,4397.98,4
50654,2023-06-10,4114.42,Travel,1049,Sean Choi,"5450 Pedro Trail Apt. 119, Scottfort, VI 88868",2005,Jackson-Austin,"1520 Eric Flats, North Jessica, MH 26567",20,Weekend_High_Spend; ,5,,,4
50925,2023-02-26,3158.27,Travel,1049,Sean Choi,"5450 Pedro Trail Apt. 119, Scottfort, VI 88868",2017,"Brock, Vargas and Price","46731 Michael Mount, Andrewbury, AK 42223",20,Weekend_High_Spend; ,6,,,3
50401,2023-05-14,2679.75,Travel,1049,Sean Choi,"5450 Pedro Trail Apt. 119, Scottfort, VI 88868",2017,"Brock, Vargas and Price","46731 Michael Mount, Andrewbury, AK 42223",20,Weekend_High_Spend; ,6,2023-02-26,3158.27,2
50991,2023-10-26,4157.08,Software,1049,Sean Choi,"5450 Pedro Trail Apt. 119, Scottfort, VI 88868",2026,"Bernard, Peterson and Kelly","825 Gomez Causeway Suite 951, Brooksfurt, WI 77429",0,,3,,,4
50605,2023-12-09,3236.0,Meals,1049,Sean Choi,"5450 Pedro Trail Apt. 119, Scottfort, VI 88868",2028,"Thornton, Carter and Mcgee","1214 Mercado Row, Maryland, KS 89257",20,Weekend_High_Spend; ,5,,,3
50011,2023-12-09,3767.82,Software,1049,Sean Choi,"5450 Pedro Trail Apt. 119, Scottfort, VI 88868",2029,Young-Johnson,"641 Johnathan Meadows Suite 624, Amandastad, ID 28435",20,Weekend_High_Spend; ,5,,,3
50064,2023-08-22,324.49,Services,1049,Sean Choi,"5450 Pedro Trail Apt. 119, Scottfort, VI 88868",2036,Mclaughlin Inc,"768 Ross Falls, Lake Michael, OK 46923",0,,1,,,3
50228,2023-06-30,447.79,Services,1049,Sean Choi,"5450 Pedro Trail Apt. 119, Scottfort, VI 88868",2051,"Thompson, Curry and Oneill","Unit 2316 Box 3994, DPO AE 15152",0,,4,,,4
50478,2023-06-29,4263.78,Services,1049,Sean Choi,"5450 Pedro Trail Apt. 119, Scottfort, VI 88868",2055,Boyd Group,"Unit 9659 Box 0767, DPO AE 92178",0,,3,,,4
50759,2023-01-01,3245.21,Services,1049,Sean Choi,"5450 Pedro Trail Apt. 119, Scottfort, VI 88868",2063,"Patel, Adams and Hill","415 Matthew Glen Apt. 850, New Tammyton, MI 79051",20,Weekend_High_Spend; ,6,,,3
50142,2023-04-09,1803.62,Supplies,1049,Sean Choi,"5450 Pedro Trail Apt. 119, Scottfort, VI 88868",2063,"Patel, Adams and Hill","415 Matthew Glen Apt. 850, New Tammyton, MI 79051",20,Weekend_High_Spend; ,6,2023-01-01,3245.21,1
50782,2023-05-15,1191.64,Meals,1049,Sean Choi,"5450 Pedro Trail Apt. 119, Scottfort, VI 88868",2067,Wilson-Sanders,"97308 Silva Tunnel, Patelland, ND 31594",0,,0,,,1
50095,2023-03-19,516.61,Supplies,1049,Sean Choi,"5450 Pedro Trail Apt. 119, Scottfort, VI 88868",2078,"Burns, Martinez and Fitzpatrick","8591 Martin Mews Suite 824, Darleneview, PW 38688",20,Weekend_High_Spend; ,6,,,5
50122,2023-01-24,4371.64,Travel,1049,Sean Choi,"5450 Pedro Trail Apt. 119, Scottfort, VI 88868",2080,Hahn and Sons,"27155 Charles Valley, Kellyside, CT 31934",0,,1,,,4
50042,2023-06-11,3837.6,Meals,1049,Sean Choi,"5450 Pedro Trail Apt. 119, Scottfort, VI 88868",2081,Wright Ltd,"2363 Michael Mews Suite 085, New Davidview, CT 52565",20,Weekend_High_Spend; ,6,,,3
50060,2023-02-03,3521.29,Meals,1049,Sean Choi,"5450 Pedro Trail Apt. 119, Scottfort, VI 88868",2090,Davis Ltd,"53512 Sanchez Lodge, Thorntonmouth, KY 57110",0,,4,,,3
50809,2023-01-20,289.87,Meals,1049,Sean Choi,"5450 Pedro Trail Apt. 119, Scottfort, VI 88868",2094,Rivera PLC,"2364 Montoya Spurs, Josephshire, MS 22913",0,,4,,,2
50834,2023-12-15,290.17,Services,1049,Sean Choi,"5450 Pedro Trail Apt. 119, Scottfort, VI 88868",2095,"Holmes, Harrison and Brooks","18293 Autumn Extension, Garzaton, AZ 05000",0,,4,,,2
50621,2023-04-17,2621.82,Services,1049,Sean Choi,"5450 Pedro Trail Apt. 119, Scottfort, VI 88868",2099,"Cardenas, Martin and Richard","64483 Cook Spurs Suite 549, Karenmouth, VA 26266",40,,0,,,2
50621,2023-04-17,2621.82,Services,1049,Sean Choi,"5450 Pedro Trail Apt. 119, Scottfort, VI 88868",2099,Shell Corp Services,"33581 Goodwin Islands, Lake Jeffreyshire, RI 15330",40,Split_Payment; ,0,2023-04-17,2621.82,2
